RMSE,Variance,Train_RMSE
2.0483495980537394,172762.62,2.021894322748472
2.018951089284618,213083.03125,1.9869614408170728
2.003190159765211,320235.96875,1.981289896553656
1.5705564835180554,271894.96875,1.557306143344051
1.4398702106949584,293211.375,1.429430580352884
1.2038355135619072,351158.3125,1.1935594658909572
1.0788642194726203,396185.5625,1.0645118549353465
1.0951417992613848,349948.75,1.0835835477031148
1.093024735686045,315135.25,1.0817788048779924
1.1142745361597433,319957.84375,1.1045840284673665
1.0876893433165604,320504.3125,1.077123563893484
1.0938248664225454,307413.34375,1.083625726829491
1.0817289281882962,298787.8125,1.071028359429116
1.0781547378353034,293346.8125,1.067123719152529
1.080795218072095,290121.0625,1.069597026821278
1.072108375944782,292514.3125,1.0617352127928372
1.064018965071379,293055.09375,1.0537616706192698
1.0743353139339975,284685.46875,1.0648868040725956
1.09755900207624,280278.96875,1.088900826228567
1.0815113966323735,284881.46875,1.0731760068738776
1.068382836561465,293715.15625,1.0594321111524698
1.0698672681814207,278107.15625,1.0609745711008118
1.0454478437053814,251912.75,1.0370527124009163
0.9246033283236694,221672.703125,0.9227133397811232
0.9189184622194604,210421.5,0.9171148472461677
0.8996375355447701,199947.078125,0.8986206587233783
0.8914675743015383,187619.875,0.8905758331571356
0.8936940915166938,182690.734375,0.893281331984334
0.9002184659833745,178476.828125,0.9005394535859532
0.8465071112497423,193672.109375,0.8450690727738338
0.8128394893050392,181252.796875,0.8109311329139351
0.8043101038082311,171403.15625,0.8028355224500053
0.7987407957428984,163708.96875,0.7972884872839263
0.7769649879194579,153452.90625,0.7746401940758365
0.7374161671882331,138924.421875,0.7352283837958957
0.7211655696770342,126964.625,0.7183248637577816
0.7185222403591905,120313.125,0.7154066017298342
0.7133222206990394,113506.0703125,0.7098366778079528
0.6893205227996916,110303.7265625,0.6843441191371925
0.6813066096053633,102678.09375,0.6759289004540608
0.6754568525531265,97757.0546875,0.669767789649152
0.6679515242183168,91675.3984375,0.6617966712857032
0.6692684470487279,88607.7890625,0.6624670485734965
0.6309327170530139,118570.21875,0.6280608723696312
0.5906026781272632,106817.1015625,0.5865305904399148
0.5754329134283452,98059.703125,0.570628800218313
0.5898569966877286,96876.4140625,0.584893048751531
0.5878032258689457,92262.8515625,0.5827929436877964
0.5889818647039389,87393.109375,0.5844803133316225
0.5873831057012687,84178.140625,0.5827400553193961
0.588420023037491,81214.375,0.5841171221453448
0.5860569617747217,77290.40625,0.5816562939534389
0.5425801983201307,80271.265625,0.5393666758913396
0.5417422724965504,77077.265625,0.5385777964427678
0.5373574247603266,73412.671875,0.533898805821203
0.5530282959694746,71347.3671875,0.5505161597528573
0.5531981872730438,71465.9375,0.5544532701289901
0.5518388195807845,68294.28125,0.5530397803709396
0.5540448232259576,66510.1875,0.5555161410688376
0.550430919139932,64130.5234375,0.5517847644662595
0.5341208082885132,62081.5078125,0.534496661840613
0.5274953669448675,57400.59375,0.5273805035485002
0.5258919415045112,55210.1953125,0.5257345523577118
0.5245865217618023,53242.0546875,0.5243673809697393
0.4937147142579014,51848.6640625,0.4937796313197497
0.4858402239728292,54290.4453125,0.4855374846232922
0.4852271326394901,52683.01171875,0.4849553612641545
0.4756081714330874,60546.203125,0.4714358979788586
0.4734465696251383,57303.71875,0.4683852263637088
0.4753288456417102,57880.25,0.4708275992088536
0.474983425980289,55137.5234375,0.470421076301362
0.4741704866072568,54230.296875,0.4698423925931422
0.4860864281593711,60588.92578125,0.4820827118350304
0.4880308120201261,61578.05859375,0.4843748793871489
0.4746759296251295,64883.875,0.472168898120958
0.471397069270209,64144.01953125,0.4689079881374972
0.4832890293607174,66541.1171875,0.480835855456748
0.50189655267458,74289.71875,0.4997575479416153
0.5001845287224868,73063.671875,0.4979218821395732
0.478411747815496,73914.484375,0.475515847259364
0.47911198675713,71633.3359375,0.4761444807930481
0.4784968240755814,69866.0546875,0.4754784084972872
0.4761322530318286,67535.2734375,0.472896450414943
0.4762915549938931,65347.484375,0.472991047796421
0.4648905052874026,63911.78125,0.4607420016158602
0.4629035977532599,63215.375,0.4583757431273623
0.4394233928895194,64990.3828125,0.431531761132608
0.4309603954022747,65008.8828125,0.4227773047693743
0.4276073338618207,63977.578125,0.41937477291624
0.4277335154336526,61942.7421875,0.4193764445165561
0.4220088948115863,62200.26953125,0.4135643580846523
0.4210742101578894,60929.3984375,0.4125589508450766
0.4186486195051497,59956.00390625,0.4101037912721733
0.4191694165343892,58138.29296875,0.410578553354484
0.4209678259959066,57916.5703125,0.4118226137296558
0.4206234015925358,56555.15625,0.4113701980063424
0.4143219593880347,58004.6015625,0.4047794896980263
0.4071468878855189,60273.703125,0.3993396518924689
0.4071044640173136,58855.51171875,0.3991938583748213
0.4079616538720541,60330.3359375,0.4004114039112361
0.4051718501717323,59391.30859375,0.3974219271113067
0.4020001386435647,58632.9921875,0.3941164910636701
0.3923442401566604,60633.60546875,0.3851008172304727
0.3900012294772476,59891.53515625,0.382570415139896
0.3906130684242397,58453.4921875,0.3831624453659062
0.3956815552389457,58457.1875,0.3892061562298092
0.3916768201067232,57372.62890625,0.3852139133483445
0.3916933094273838,56431.42578125,0.3851811588846362
0.3882842739838609,55375.91796875,0.3816990456167151
0.3869541453348397,54145.0703125,0.3802277347134009
0.3877818298868882,53261.265625,0.3810789354029579
0.388566425558456,52523.4609375,0.3819307720920351
0.3887694309856382,51791.48046875,0.3821803937322097
0.3871016678414699,52914.11328125,0.3806432193659463
0.3889825936382448,51729.9140625,0.3826003767512305
0.3903785935806783,50740.61328125,0.383879218002686
0.3897972183276914,49965.23046875,0.383273198682412
0.3702200741682486,50349.86328125,0.3619722441161021
0.3687475456290338,49356.69140625,0.3601464803595399
0.3684357202991939,48322.5234375,0.3597391334493999
0.3680938952257915,47468.48046875,0.3594317091642434
0.3475575936506488,49455.34765625,0.3393773307588795
0.3470109889011717,48685.42578125,0.3387742776821514
0.3473716742704036,47983.82421875,0.3391230154757769
0.3424438166008717,48364.546875,0.3337255532231336
0.3420610777059028,47565.59765625,0.333281730541806
0.3413891625254903,47052.58203125,0.3326266225915386
0.3417799915885937,46219.421875,0.332615445850413
0.3418361475734461,45620.66015625,0.332626748784152
0.3420424277414541,44664.3046875,0.3328512844836244
0.3424019580253022,44019.6640625,0.3331652030028058
0.3397454607934518,42635.6640625,0.3302511318741318
0.3395528292340698,41818.78515625,0.3300202291878121
0.3396114930950957,41070.1796875,0.3300572157639145
0.3400921751073374,40898.77734375,0.3305934853661373
0.3398808299907295,40370.80859375,0.3303830832425014
0.3401711671517406,39806.8828125,0.3307035781396999
0.3402506118245978,39323.03515625,0.3307642038769551
0.3399686907159175,38968.66015625,0.3305293675376116
0.3135758424346805,44395.18359375,0.307545002078913
0.3170954356646473,43957.73046875,0.3114973213787566
0.31636171590398,43461.859375,0.3108778639396687
0.3105017519027254,42966.57421875,0.304292378736061
0.3098660169840582,42803.26953125,0.3037709391493295
0.309919900351218,42319.96484375,0.3038191566104632
0.3099937601849893,41829.79296875,0.3038954312697444
0.3096952289241371,41349.33984375,0.3034949062775886
0.3064379271394637,41115.625,0.3000001485614449
0.3052737162057081,40780.5546875,0.2988838046132124
0.3021677551419156,40902.08203125,0.2957034758898311
0.3020548828528874,40345.67578125,0.295578295716037
0.3015780142391501,39944.81640625,0.2951263888845734
0.3016587975230738,39526.5546875,0.295193922778001
0.3007577212173683,38796.23828125,0.2942947502461315
0.3002495504330801,38405.21484375,0.2937467983072848
0.2984418038226786,38184.7734375,0.2913632860793004
0.2934242420221855,39489.2578125,0.2879966135830566
0.2925338399372145,38988.859375,0.287055429245263
0.2835267942154478,39375.9140625,0.2780487056819634
0.284276311620142,39026.1875,0.2788753501061863
0.2842070448790365,38969.02734375,0.278757828527544
0.2834238170901655,38730.3203125,0.2780011177521078
0.2834097351537608,38313.61328125,0.2779826359125999
0.2812692715071805,38477.578125,0.2758577712507528
0.2811163526204113,38056.09375,0.275657804912353
0.2825445451314026,38631.65234375,0.2776510296513722
0.2816733532063812,38433.03515625,0.2767730253982889
0.2816629686141895,37963.15625,0.2767834557398342
0.2815500709117462,37571.2109375,0.2766602320741667
0.2793839801991791,39611.03515625,0.275292140034242
0.2764278820579675,39867.87890625,0.2724877205757861
0.2767109332141443,39282.6328125,0.2727170351673338
0.2762051167763288,38679.203125,0.2721451720399298
0.2746883146316007,38403.62109375,0.2705331510596622
0.2748248733249964,38267.0546875,0.2707840338050988
0.2746477191344824,38049.4921875,0.2705825986523906
0.2735361835225442,40435.71875,0.2700702137465213
0.2710250887758856,40838.69921875,0.267572375794554
0.2708552733443613,40473.61328125,0.2673797405766833
0.2665068711390231,40942.05859375,0.2625271238065933
0.2661262388575281,40448.796875,0.2621202516925188
0.2670106805258778,40152.1484375,0.2633420736513364
0.2703434386299866,39850.84765625,0.2667169079944061
0.2696524150871937,39008.62890625,0.2659386263258432
0.2687744177506166,38832.8203125,0.265005796926911
0.2675956072446636,38409.9296875,0.2637512889627135
0.2659842119096376,39215.99609375,0.2619493154666842
0.2656167782961032,38708.109375,0.2615147074169213
0.2649687408169912,38350.30859375,0.2607853341314124
0.2631987068778522,37565.5625,0.2588122219733724
0.2629506393842097,37286.625,0.2585937156987706
0.2629222103989329,37216.07421875,0.2590254277235203
0.2634178668483514,36702.53515625,0.2595389291092352
0.2633967375318506,36369.78125,0.2595157452734324
0.2634067068183924,36337.73828125,0.2597176588304017
0.2631469041925307,36924.93359375,0.2596296075714899
0.2628409000309598,36571.25390625,0.2593032319862831
0.2637201400386147,36485.79296875,0.2600650946884935
0.2634589413871996,36078.09375,0.2597870160702518
0.2644450164921733,35706.0625,0.2608461115289635
0.2642750979045747,35237.84765625,0.2606668144632865
0.2641538912905457,34872.94921875,0.2605432817015415
0.2644356981567968,34724.42578125,0.2608676361519998
0.2662652602017868,34917.921875,0.2626981842396198
0.2659328578354056,34455.05859375,0.2623464322118973
0.2698370702764697,34569.53125,0.2661374960344286
0.2700238892702787,34353.17578125,0.2662068556274316
0.2700209100787993,34145.30859375,0.2662041696477036
0.2698635834069728,33747.8828125,0.2660377208281076
0.265404114352834,34303.23046875,0.2608993213767568
0.2665829339493572,34276.73046875,0.2620956195014122
0.266819814269402,34000.74609375,0.2623476164648742
0.2651739707733108,33914.5546875,0.2606291905996902
0.2512969134871929,37388.3984375,0.2491265490792713
0.2508403465776828,37037.4296875,0.2487196249037538
0.2495355589526302,36785.8203125,0.247421792019321
0.2494569114643604,36556.22265625,0.2473187618362098
0.2494120089043975,36327.87890625,0.2472741236270113
0.2493043198854186,36166.74609375,0.2469207616034205
0.2489544310261119,35804.18359375,0.2465508378772021
0.2418406568363445,36080.7421875,0.2395211676280264
0.2413741702653438,35904.40234375,0.2390358221245009
0.2363613568611848,36254.625,0.2342378254322936
0.23668498320859,36042.33984375,0.2346187265055945
0.2367199079767245,35580.15234375,0.234647354700695
0.2387441457825757,35601.81640625,0.2368781134045623
0.2359877610397969,36957.1015625,0.2342953517379733
0.2347648809479635,36812.015625,0.2329854872042726
0.2348857719250213,36498.6328125,0.2330921783578794
0.2348431194740543,36138.53125,0.2330252085295466
0.2349294154148342,35884.29296875,0.2330720343272839
0.2334087567775019,35823.9296875,0.2315167063429549
0.2332593077273585,35519.234375,0.2313609176378751
0.2332480298706138,35303.60546875,0.2313643990918098
0.2332835150295798,35012.30859375,0.2313967880375603
0.2330756155936101,34723.01171875,0.2312153722403043
0.2316957539673232,34203.73828125,0.2297205460997773
0.2316332116260991,34004.11328125,0.2296554136865155
0.2322151295373799,33812.421875,0.2303512742987639
0.2324530376453192,33570.21875,0.2306779772043746
0.2314925289693012,33662.03515625,0.2297332323192265
0.2314872251463806,33460.1171875,0.229744195938486
0.2315646408694076,34565.3359375,0.229455839512516
0.2315914649059082,34309.93359375,0.2294723087536724
0.2173118126773653,35610.8046875,0.2163080820277833
0.2120572219228123,36038.4140625,0.2115540053999162
0.211021252122493,36044.0546875,0.2105653033851526
0.2105739115965223,35727.84765625,0.2102041734214547
0.210827293532661,35494.94921875,0.2105174025599501
0.2117623296651176,35785.2578125,0.2112954044650185
0.2109869776589616,35347.73046875,0.2104215034723306
0.2103289614369148,35969.64453125,0.2102087044108112
0.2103246682258956,35677.21875,0.2101966445468029
0.2101743372774705,35248.51953125,0.2100243220629051
0.2099959109906169,34955.65234375,0.2098615935761269
0.2091790301132697,34783.265625,0.209050664244201
0.2092435587448925,34522.515625,0.2091113854430118
0.2092947047928097,34300.97265625,0.2091525206783827
0.2086434648615002,34608.1328125,0.2082822707695043
0.2093964181552887,34517.8828125,0.2091546597488745
0.208892637086367,34264.94921875,0.208585645955811
0.2082787053647528,33817.5546875,0.2079147709209196
0.2079074710119991,33473.140625,0.2074205780886369
0.2062169705033925,33144.484375,0.205585306063376
0.206213798191056,32922.640625,0.2055752569286213
0.2056645025657798,32626.064453125,0.2049971522549784
0.2056378340846138,32441.439453125,0.2049652819646522
0.2050316188498523,32282.28515625,0.2043091404678555
0.2051105259104598,31965.6484375,0.2043545050826914
0.2049947455453072,31755.423828125,0.204292413989065
0.2048891037027651,31619.26953125,0.2041999561839539
0.2052543842757066,31433.56640625,0.2045240682689833
0.2036419565365485,31475.623046875,0.202731337511661
0.2021890905107986,33244.28125,0.2015618158609802
0.2021170087949231,33023.57421875,0.2014848898260278
0.2022882711891772,32748.88671875,0.2016545863703282
0.2021232089931016,32497.814453125,0.2014617950167018
0.2017902564830539,32324.244140625,0.2011164715871862
0.2016555818853856,32116.634765625,0.2009833795619756
0.2029527333222376,31964.73828125,0.2024844319809941
0.2026433710147301,31905.24609375,0.2021519249071762
0.2028438823728088,31741.7734375,0.2023737946028464
0.2030155071834162,31584.189453125,0.2025545536929201
0.2019775981725154,32196.279296875,0.2013379776307515
0.202079026850443,32885.8984375,0.2014368774424239
0.2020323434717985,32636.66015625,0.2013697293001474
0.2017872365465466,32527.451171875,0.2011499802310863
0.2004968321109839,32406.1484375,0.1999807873021764
0.2005989383152218,32214.3828125,0.2000716610646765
0.2006212469749481,32016.2421875,0.2000948207837214
0.1988272307258736,31778.248046875,0.1982160408234747
0.198709825704141,31534.48828125,0.1980894392956429
0.1985268929922495,31359.296875,0.1978953125434488
0.1983928660791228,31254.341796875,0.197713061402377
0.1974685754176611,31144.8984375,0.196814114245967
0.1968374334701626,31062.068359375,0.1962716789073627
0.1967665155468664,30733.69921875,0.1962115758562385
0.1958666680889254,30498.78125,0.1952108160496244
0.1963536505942582,30359.955078125,0.1957739887575176
0.1958834525492199,30109.99609375,0.1952922521001857
0.195885908405026,29969.412109375,0.1952990380614649
0.1955406082595017,29818.08203125,0.1949431457491445
0.1952590374531944,29515.904296875,0.1945146392848411
0.1904433175852018,29831.943359375,0.1890399884784118
0.1896493604540973,29705.857421875,0.1881793158350826
0.1899566783236057,29690.267578125,0.1885343036070507
0.1896040613082112,29459.701171875,0.1881737009224917
0.1899106558838529,29320.951171875,0.1884917194928877
0.1895771569736535,29138.1796875,0.1881574389253177
0.1893578877334043,29199.724609375,0.1879418699855028
0.1894180328247496,29136.041015625,0.1880244017127022
0.1875142219108974,29218.482421875,0.1859342698447385
0.187383472479907,28934.009765625,0.1857671045076507
0.1872360283880424,28796.208984375,0.1856439206822371
0.1871300404661053,28599.115234375,0.1855269456323517
0.1864603104325254,28533.01953125,0.1848734231035832
0.1848270130457713,28667.4921875,0.1832473291567559
0.1846851304729167,28345.759765625,0.1830772124306406
0.1844417437984252,28156.703125,0.1828185162990445
0.184624726231379,28075.373046875,0.182994470032303
0.1845373170447101,27954.6328125,0.1829473698619325
0.1845155463385685,27786.23046875,0.1829153368303162
0.1845818076094879,28563.37890625,0.1833982353521114
0.1845904906562996,28355.951171875,0.1834114220568441
0.1845763390050174,28201.74609375,0.1833507550177913
0.1846379786637512,28002.197265625,0.1833904443820916
0.184783675865601,27830.125,0.183518610151214
0.1847887234289113,27705.232421875,0.183521360122301
0.1841267227790116,27626.896484375,0.1828738523855924
0.1841682979211042,27482.896484375,0.1829072105239037
0.1845732755316438,27442.33203125,0.1833434189484954
0.1843805710687897,27271.90234375,0.1831642632798726
0.1808348154859342,27076.91796875,0.1795079710654877
0.1810096723065065,27224.55859375,0.1797446900612566
0.1804404070498938,27035.40234375,0.1791346942120806
0.1805217370441842,26808.26171875,0.1792241244452151
0.1803932380711397,26650.169921875,0.1790934306909223
0.1801976681876751,26448.115234375,0.1788127327141491
0.1802991660300187,26257.0625,0.1789465604880998
0.179454768566065,26101.599609375,0.1781209684278078
0.1793238515768956,26036.435546875,0.1779650740267334
0.1793028595692281,25868.26171875,0.1779455315063362
0.1789595134611289,25643.296875,0.1775802658222004
0.1792422364821886,25413.794921875,0.1778648918196497
0.1793188677870146,25311.6875,0.1779444361032096
0.1792007885080633,25108.6328125,0.1778213433370089
0.1788776427582816,25049.537109375,0.1774919577815194
0.1789720841251424,24888.00390625,0.1775827313730885
0.1781921126904544,25207.927734375,0.1768365275478677
0.1780214425919368,25124.484375,0.1766282538128057
0.1785911696881249,25092.734375,0.177261191683651
0.1786145187626507,24937.15234375,0.1772809184745207
0.1785051204227056,24759.44921875,0.1771791043343311
0.1786674942241675,24557.990234375,0.1772664028131552
0.1785127385862022,24381.859375,0.1771128689684197
0.1784149838882943,24308.404296875,0.1770370938236114
0.177659636943185,24210.83203125,0.1763225057473159
0.1775692017278816,24109.80859375,0.1762032687160126
0.1774074123397797,24002.869140625,0.1760512662869227
0.1754079792009163,24413.87890625,0.1745348540036562
0.1754314706657438,24272.90625,0.1745524315909383
0.17511167213345,24062.109375,0.1742074111741094
0.1751484212166637,23970.87109375,0.1742502667514764
0.1750781508859739,23803.765625,0.1741794685406026
0.1752004158337349,23688.162109375,0.1743299662581012
0.1740698245500906,23694.27734375,0.173319256664343
0.1737594277252611,23631.720703125,0.1730259391279775
0.1737508749157912,23508.412109375,0.1730154558094312
0.1737692374649544,23404.544921875,0.1730348944800777
0.1717532114044576,23422.408203125,0.1710419704227308
0.1715942087847747,23335.76171875,0.170923211173963
0.1686075934176342,23509.515625,0.1677386578836632
0.1686004612736771,23418.58984375,0.1677459767546973
0.1690626476454933,23295.1328125,0.1681798007193114
0.1651133683045559,23615.349609375,0.1640511947141102
0.1644326682771971,23584.912109375,0.1633181086513057
0.164053482009301,23601.201171875,0.1629189779458182
0.1639788765983598,23450.70703125,0.162871695807111
0.1641980034529335,23247.083984375,0.1631134770354184
0.1644453878170018,23144.810546875,0.1634769045590284
0.1644048051459321,23072.46875,0.1634971969221559
0.1643693350722351,23004.263671875,0.1635281216573346
0.1623375249468918,23565.048828125,0.16187234506527
0.1624337865317272,23503.796875,0.1619744396031022
0.1623714092273289,23362.2578125,0.1619001663944855
0.162253378600397,23207.587890625,0.1617776837566896
0.1619830534864678,23147.154296875,0.1614344067671174
0.1614181328219529,23131.2265625,0.1607396171878888
0.1613181441170803,23031.185546875,0.160647214445566
0.1613833675471727,22818.3828125,0.160707936490216
0.160107530615103,22795.830078125,0.159280033360788
0.1600060272683472,22734.21875,0.1592062142202823
0.1603927957471134,22629.845703125,0.159593688552656
0.1604245311600102,22481.515625,0.1596230171611089
0.160254615147636,22363.65234375,0.1594368327945566
0.1594581005176667,22413.58203125,0.1587611356611359
0.1587295220984726,22369.947265625,0.1580396701061717
0.1587459880060202,22269.361328125,0.1580608913625965
0.1585017026968474,22135.96484375,0.1578196184560845
0.1590028461820961,21968.1328125,0.1587521569646527
0.1589733933161497,21885.126953125,0.158724906821617
0.1587875921488363,21803.556640625,0.1585032957420268
0.1586325492853134,21716.875,0.1583749431831997
0.1584455543197886,21633.091796875,0.1581519178083523
0.1583863197625913,21470.107421875,0.1580705002254935
0.1581706453640193,21340.974609375,0.1578445971549388
0.1582303997655703,21202.171875,0.1579062261309469
0.1577835751852623,21147.60546875,0.1574078321089654
0.1585853488855314,21385.16796875,0.1580819112173638
0.1582401854002963,21318.052734375,0.1577015823258035
0.1582758047346763,21191.912109375,0.1577300095534088
0.1583071376200038,21081.37890625,0.1577599462172039
0.1575587913180366,21098.970703125,0.157028984370922
0.1574360041762004,20946.30078125,0.1568721159883649
0.1576718254924501,20794.111328125,0.1570564565775038
0.1575331627067406,20667.9140625,0.1568745615773852
0.1574557802988263,20533.365234375,0.1568052652386702
0.1579607436995659,20602.736328125,0.1572576253781935
0.1579266561258905,20477.689453125,0.1572065507859074
0.1576175116382204,20435.044921875,0.1568815357961732
0.1568660471426187,20431.33203125,0.156059829756224
0.1562877057851525,20405.8671875,0.1555077282865606
0.1559170744493259,20660.9609375,0.1552146918267488
0.1545897646707736,20607.412109375,0.1538165843199797
0.1545691687378769,20438.189453125,0.153813988028263
0.154431356521857,20319.2109375,0.153683838986614
0.1543915014290527,20216.109375,0.1536288316782839
0.1551045220675061,20340.923828125,0.154245775572444
0.1549496192644235,20292.166015625,0.1540963949625993
0.1548162630626091,20562.470703125,0.1543555012288848
0.1547174720575776,20469.9375,0.1542491523259459
0.1547357452253241,20497.21875,0.154156750973039
0.1547800732320152,20410.44921875,0.1541892248903219
0.1547732240340914,20348.931640625,0.1541661183125532
0.1547472832640933,20279.61328125,0.1541261569406631
0.154578406772837,20140.779296875,0.1539410768283693
0.1544453820960548,20067.681640625,0.1537999834205457
0.1539778944797081,20004.265625,0.1533111550441825
0.1540072576200516,19939.23046875,0.1533601495642981
0.1540173563557184,19834.908203125,0.1533685071416018
0.1542458173503816,19751.611328125,0.1536309271338653
0.154148673599635,19668.025390625,0.1535272862360466
0.1540720561829705,19606.072265625,0.1534712334487751
0.1537305711364302,19561.94921875,0.1531111653868491
0.1527540842723113,19618.4296875,0.152295062849604
0.1528010390293695,19537.81640625,0.1523519446869781
0.1528775852899382,19477.267578125,0.1524226711105786
0.1526502893039404,19434.322265625,0.1521585073152006
0.152505509138513,19350.0625,0.1520163806217181
0.1526400611603589,19211.5546875,0.152179717602249
0.1520503800841736,19141.96875,0.1515241830244973
0.1491284223691522,19571.1328125,0.1486937027903065
0.1489057023969217,19500.83984375,0.1484400086352329
0.1488990290879382,19360.783203125,0.1483779241252112
0.1486812790229812,19340.712890625,0.1481861205959977
0.1500180581586759,19597.056640625,0.1494541342393689
0.1496806184344384,19531.076171875,0.1490834115399893
0.149679102230635,19456.248046875,0.1490805238336944
0.1495948469716565,19383.36328125,0.1490083751922604
0.1495747413969037,19283.537109375,0.1489828056567241
0.1496153861518558,19317.72265625,0.1490990451206399
0.1497488218896501,19297.1484375,0.1492786279115817
0.1497704681455883,19141.099609375,0.1493092997195589
0.1497240754904072,19065.76953125,0.1492617132748177
0.149618959069321,18999.072265625,0.1491510407000807
0.1491319245639456,18890.24609375,0.1486089913555171
0.148033723648426,18978.060546875,0.1473377923588154
0.1479932990361783,18950.94921875,0.1472999894975868
0.1476027440515146,18915.53125,0.1468614004030616
0.1474211700036191,18875.98046875,0.146642768032031
0.1472084430889744,18804.27734375,0.1464796847719723
0.1468374635821484,18725.388671875,0.146079321053055
0.1467490870582125,18640.8359375,0.1459790847283946
0.1467555442758691,18607.392578125,0.145975117136747
0.146660325405244,18474.251953125,0.1458464404427837
0.1462370133197244,18391.583984375,0.1454925706601683
0.1460039079307451,18350.091796875,0.1452832904237203
0.1461153388883915,18230.98828125,0.1454180735832684
0.1462853901314058,18158.70703125,0.1455740184876311
0.1463156586123973,18082.404296875,0.1456015842257862
0.1465378432175945,18025.140625,0.1458558949559205
0.1485613253431753,18071.767578125,0.1481692349548818
0.1485633679758991,17981.52734375,0.1481696478860751
0.1482704701013413,17908.775390625,0.1478529069145618
0.1481145805218509,17835.98046875,0.1477061422483408
0.1481494759828679,17816.525390625,0.1477166633573819
0.1466666672068399,17817.92578125,0.146301585949773
0.1462521706159427,17784.712890625,0.1458491588133207
0.1463840011481423,17737.037109375,0.1460280374860445
0.1464261721225395,17664.669921875,0.1460684632861825
0.1458756517911111,17708.7734375,0.1455164729319119
0.1458082740311481,17648.162109375,0.1454931073783333
0.1462129770213882,17782.197265625,0.1459713354419807
0.1461472112661775,17711.302734375,0.1459027059323746
0.1460537581948398,17648.275390625,0.1458188086888409
0.1461661343861755,17523.521484375,0.1459415797558
0.1453550551187114,17493.716796875,0.1450244218228667
0.144895198945141,17492.330078125,0.1444856983761839
0.144866204813953,17428.33984375,0.1444635331188743
0.1448931120344903,17379.16015625,0.1444894267867249
0.1417901413103102,17618.115234375,0.1417527107009592
0.141804576417575,17536.703125,0.1417752073317638
0.1416452766262947,17453.076171875,0.1415807493816689
0.1418417697866234,17404.09765625,0.1417546278556057
0.141915812290125,17331.208984375,0.1418419784292278
0.1419197312223598,17265.53125,0.1418461007308325
0.1418741782648458,17181.60546875,0.1417977959009436
0.1418691318623305,17107.57421875,0.1417498520712543
0.1418121535880651,17058.1640625,0.1417186679581462
0.1420550164803567,17040.849609375,0.1419283085621085
0.1420588014089774,16964.52734375,0.1419350869128024
0.1412388399415828,16996.5859375,0.1411623540937596
0.141306541809124,16970.24609375,0.1411872682871702
0.1413996686799397,16928.21875,0.1412593346265914
0.1414597041489929,16862.015625,0.1413212160888199
0.1413038371521361,16822.0,0.1411557927419989
0.1435838861996238,17137.80859375,0.1437556949500439
0.1434464205589557,17028.208984375,0.1435986815094888
0.1432992795171692,16953.15625,0.1434303144593204
0.1433689331125567,16881.5703125,0.143487620914552
0.1431210372319701,16847.845703125,0.1432259695809269
0.1430889259978351,16813.609375,0.1432022588418783
0.1429133174447676,16800.736328125,0.1430522745442615
0.1424192763077999,16763.150390625,0.1424524988343086
0.1412301684758517,16826.7890625,0.1411936592025372
0.1408751735153219,16791.333984375,0.1409178793094744
0.1406691994721437,16736.8359375,0.1407287150376423
0.1406972851310621,16669.0859375,0.1407886651605983
0.1399092742420423,16657.369140625,0.1399448820606083
0.1399211610785325,16565.28515625,0.1399705311007726
0.1399995215272751,16478.494140625,0.1400469675171363
0.1401239020814308,16412.1171875,0.1401994038753674
0.1399297051724262,16361.77734375,0.1400026756320782
0.1400003005050429,16418.654296875,0.1400861084010412
0.1402762525737178,16419.572265625,0.1403496273321819
0.1403499782753412,16362.3515625,0.1404363829564733
0.1398050652109018,16335.08984375,0.1399956718537995
0.1397820784868259,16293.982421875,0.1399708627689922
0.1396117007104222,16250.84765625,0.1398293706344635
0.1395298953600866,16171.580078125,0.1397126122400962
0.1396407499563598,16153.5009765625,0.1397459639673492
0.1366178728843751,16622.357421875,0.1367071148886166
0.1367240836537345,16574.912109375,0.1368256098006773
0.1367484354650152,16522.400390625,0.1368399714289681
0.1367386582591978,16458.322265625,0.1367861290354758
0.1366268677485554,16386.642578125,0.1366280499666324
0.1365993779593134,16306.53515625,0.1366285924221809
0.1366591290602824,16267.150390625,0.1366785123700667
0.1365815477764007,16267.5244140625,0.1366339508452055
0.1366030585601269,16203.5927734375,0.1366432805865414
0.1366417725609178,16157.66015625,0.1366738963509575
0.1364602672219823,16132.923828125,0.1365050490395676
0.1364266811693363,16103.46484375,0.136511659133283
0.1366156303070748,16036.0615234375,0.1367146630166984
0.1365487776166269,15975.39453125,0.1366659691642976
0.1363790110174736,15953.34765625,0.1364192802638724
0.1364007914474559,15911.5087890625,0.1364354703851516
0.1364619100382178,15906.736328125,0.1365767056917625
0.1363664462153781,15852.162109375,0.1365064715584533
0.1356513521571555,15849.560546875,0.1358419140862576
0.1355184874498048,15777.935546875,0.1356934810388818
0.1340810026330078,15925.666015625,0.1343242635687428
0.134095237949095,15866.2431640625,0.1343428590810843
0.1334631434808426,15933.693359375,0.1336089849633984
0.1334743853833805,15877.0556640625,0.13362041978626
0.1333245546182068,15869.2275390625,0.1335434646793582
0.1333751397039013,15802.9521484375,0.1335915447761104
0.1334113682638325,15753.2421875,0.1336314026432056
0.1333995707643777,15685.76171875,0.1335914969826565
0.1332357632425795,15655.8486328125,0.1334745827539473
0.1340986899238865,15872.37890625,0.1346532900715334
0.1337721566033839,15807.0439453125,0.1342981124829546
0.1332406728594169,15806.6103515625,0.1336669485685356
0.1332493326937612,15726.28125,0.1336736590461262
0.133411460771317,15811.990234375,0.1337016541159415
0.1324960357961322,15783.408203125,0.1327318791725692
0.1324537153255944,15735.8642578125,0.1326920004183291
0.1324682814160288,15685.8662109375,0.1327201724383661
0.1324602225104797,15643.7529296875,0.1327060129083802
0.1324624227202421,15602.3232421875,0.1327112068949954
0.1326129802450797,15561.1083984375,0.13286561657321
0.132445171141915,15582.876953125,0.1327431711148579
0.1322180636357891,15583.423828125,0.1325163013072861
0.1323329010774136,15502.203125,0.132617354792408
0.1323009287628904,15459.2705078125,0.1325755666255182
0.1322665680728029,15423.46484375,0.1325401539105881
0.132056958875695,15380.77734375,0.1323384917832144
0.1320199370415526,15349.3134765625,0.1323168231096721
0.1316260991304546,15354.2060546875,0.1319620506474053
0.1315845745246451,15291.228515625,0.1319221027657038
0.131752203262552,15289.056640625,0.1322747395440495
0.131743355864713,15242.0322265625,0.1322640111729233
0.1317510367830822,15195.6708984375,0.1322068594955655
0.1325608003724656,15159.8447265625,0.1329810645916481
0.1324164185450404,15118.037109375,0.132823659019402
0.1315881494021364,15157.958984375,0.1321159155547532
0.1315007557468912,15169.4775390625,0.1320338667400713
0.131495365522871,15113.013671875,0.1320310362736029
0.1285235352940757,15559.37890625,0.1289432420097793
0.1284299919530541,15509.7451171875,0.1288839379111837
0.1284709616258897,15429.3203125,0.128918986224468
0.1285356222550657,15409.1484375,0.128939037796682
0.128438711813546,15334.5185546875,0.1288368913180384
0.1283824091465949,15290.306640625,0.1287944241993028
0.1283474890134713,15263.1796875,0.1287581891397388
0.1288638460341383,15455.3740234375,0.1291813834096299
0.1288857627685925,15394.4501953125,0.129199476406993
0.1288320404997757,15343.2001953125,0.1291728090068906
0.1289935603380853,15325.0322265625,0.1291528165236541
0.1288691807888445,15299.2216796875,0.1291012975624492
0.1286605193814892,15344.2646484375,0.1291613202997324
0.1286660789431385,15296.96875,0.1291721431600975
0.1285799256520911,15216.9072265625,0.1290802152295007
0.1280588623264034,15279.4453125,0.1286046422812401
0.1280436217413642,15248.423828125,0.1286113978661297
0.1279403742737876,15221.720703125,0.12851548327282
0.1277688995134994,15192.84765625,0.1283184495390378
0.1277883561963866,15144.15625,0.1283413672546931
0.1277693605698437,15099.8818359375,0.1283234603992318
0.1277739482093186,15139.1494140625,0.1282803108692669
0.1276253542141623,15100.80078125,0.1281652238811512
0.127549794792801,15061.3994140625,0.1280657538430516
0.1272151704420285,15047.5126953125,0.1277692843427671
0.1262303947884624,15074.5927734375,0.1268038748743971
0.1261771723816589,15056.2861328125,0.1267883625863061
0.1261695796444079,14999.3564453125,0.126768950885512
0.1257970668595264,14945.8515625,0.1264003848308631
0.1257066294725346,14925.607421875,0.1263339824553807
0.1257408855032739,14864.30078125,0.1263662744709813
0.1260571144674087,14988.005859375,0.1268120715108501
0.1250896068619363,15008.6572265625,0.1256937701117624
0.1250620359513503,14975.66015625,0.1255990425438288
0.1248384189048721,14939.94921875,0.1254125616937132
0.1248823476719232,14889.01953125,0.1254429813611627
0.1249271272527378,14842.0205078125,0.125476490792895
0.124977956862343,14805.4404296875,0.1255153208724568
0.1249088210849266,14734.9677734375,0.1254660120284115
0.1248513050959921,14761.205078125,0.1253920239291015
0.1248527934695801,14735.193359375,0.1253852104149138
0.1244969739648883,14726.74609375,0.1249663190917044
0.124511836044923,14657.095703125,0.1249780906936151
0.1244096808255786,14652.970703125,0.1249002857995653
0.1244654715205913,14603.9599609375,0.1249537339069244
0.1243923148757045,14570.35546875,0.1248808555133385
0.1244046547398079,14503.5107421875,0.1248919722015039
0.1195381830623063,15326.7919921875,0.1204741179956288
0.1194351677878175,15245.0107421875,0.1203550101545518
0.1194877118534023,15212.111328125,0.120430581982833
0.1190225689419006,15139.0625,0.1200023334612798
0.118816044945262,15114.0751953125,0.1198145731517205
0.1186307475159502,15062.2578125,0.1195413763236506
0.1186903053030888,15007.546875,0.1195885866546705
0.1187058967856022,14973.7880859375,0.1196182835452545
0.1186404613147501,14936.9189453125,0.1195795782272202
0.1168189539974535,15055.77734375,0.11757030222657
0.1168372775182615,15011.3701171875,0.1176061901409145
0.1168943158134475,14965.4736328125,0.1176443154547094
0.1168862484246391,15074.6474609375,0.1178060775548918
0.1167078736358356,15063.640625,0.1175943238350925
0.1166735948684177,14998.0361328125,0.1175643526464105
0.1167153576557094,14992.828125,0.1175879471491115
0.1165107102398603,14960.427734375,0.117429216595511
0.1164922594723717,14933.4970703125,0.1174201907284158
0.1168200896957322,14915.599609375,0.1176969446588841
0.1166784991551154,14877.5810546875,0.1176151125520369
0.1166725179852228,14837.6953125,0.1176083005777043
0.1167476016016654,14779.609375,0.1176696541978807
0.116316470094138,14813.166015625,0.1172583797776148
0.117715785454976,14873.8798828125,0.1185611108939527
0.1178093490189505,14803.3291015625,0.1186490141738301
0.1176477620809493,14771.7685546875,0.1186132107703103
0.1175708758027238,14727.56640625,0.1185146334325153
0.1144274746048103,14880.53125,0.1152456741965917
0.1139802456876442,14819.7216796875,0.1147516876467794
0.1139621359078877,14784.0771484375,0.114741728633665
0.1136126077064779,14770.46484375,0.1143899717157889
0.1135805447751163,14730.4931640625,0.114362997194371
0.1136052513584174,14683.6494140625,0.1143821533588854
0.1132257798023009,14941.7373046875,0.11418032059316
0.1130355429245771,14924.66015625,0.1140078317324318
0.1130434072247191,14869.869140625,0.1140149831261649
0.1130779972840263,14840.708984375,0.1140681109808592
0.1130470811955056,14792.919921875,0.1140429855042292
0.1127130821291291,14832.8046875,0.1135707318151801
0.1118179692858029,14861.837890625,0.1129130966488843
0.1118826822708498,14816.84375,0.112967161349332
0.1118508077399909,14783.0107421875,0.1129600722203805
0.1118671388936242,14740.90234375,0.1129025308526888
0.1118067915999584,14714.7568359375,0.1128528449061709
0.1117872468689825,14660.970703125,0.1128466556243734
0.1116592967293416,14618.8583984375,0.1127016036877193
0.1116058137450259,14589.576171875,0.112648221221399
0.1114741073894185,14546.8359375,0.1125200785883946
0.1110715472624832,14523.919921875,0.112101948663335
0.1110772247469033,14457.1787109375,0.1121018710118728
0.1111210647982426,14409.955078125,0.1121680097223539
0.1099663645229891,14583.2587890625,0.1111350704628153
0.1093528264409886,14578.3017578125,0.1102887956188181
0.1093183088291688,14551.638671875,0.1101996207324369
0.109315337129163,14520.7568359375,0.1101910965960682
0.1092699207453591,14488.36328125,0.1101250481211032
0.1092857581950529,14454.5751953125,0.1101375658248334
0.1092405310748613,14404.3564453125,0.1101027776317232
0.10848586793242,14425.625,0.1095191862216735
0.108477614446207,14379.072265625,0.1095223163759203
0.1078804595036429,14360.0576171875,0.1088968144348412
0.1077536504669949,14350.5986328125,0.1087569889566841
0.1077005946117314,14321.2568359375,0.1086903097554103
0.1077865462451783,14286.830078125,0.1087033848182884
0.1076153085802736,14241.466796875,0.1085432204542625
0.107590748305171,14232.8330078125,0.1085442313799755
0.1075028612307044,14209.947265625,0.108493803708709
0.1074635718955751,14152.623046875,0.1084239380902252
0.1074750674845595,14110.91796875,0.108441749091441
0.1071892560555017,14137.888671875,0.1083611730254888
0.1073933821385109,14078.240234375,0.1085462406587746
0.1074229253788995,14071.37109375,0.1085861932497624
0.1074852766404296,14029.31640625,0.1086533222001626
0.107490686767838,13988.25390625,0.1086572666186828
0.1075214842462705,13940.4326171875,0.108694996664445
0.1075648505523852,13916.1494140625,0.1087315119271732
0.1076093228893959,13881.2578125,0.1087822985232847
0.1075802469485463,13841.2236328125,0.1087753902835711
0.1071221376914083,13806.6181640625,0.1084540573967699
0.1071490296053559,13772.6923828125,0.1084976134284753
0.1072111440341005,13743.08203125,0.1086062162771428
0.107334910091719,13707.3837890625,0.1087393128989916
0.1052765213462882,13938.7275390625,0.1067448062729755
0.1052871428226281,13878.228515625,0.1067656998263549
0.1049113256035657,13905.501953125,0.106327929402395
0.104874020978354,13868.2666015625,0.106281738782202
0.1048778451939634,13842.3759765625,0.1062860116718701
0.1048748228187532,13824.099609375,0.1062218662067712
0.1048433028691339,13801.126953125,0.1062022172524978
0.1048273886670802,13761.9580078125,0.1062215467292805
0.1048049218429048,13724.1962890625,0.1061948730382376
0.1047328615324549,13674.5966796875,0.1061555763773323
0.1047612220848768,13636.2607421875,0.1061703657217697
0.1048273707413791,13600.4375,0.1062199205581399
0.1048429849259212,13572.3408203125,0.1062233070358748
0.1040986813979997,13617.1044921875,0.1055869359440259
0.1041257701884643,13594.599609375,0.1056707076535448
0.1040988343908505,13534.8564453125,0.1056317824112163
0.1033286129230674,13667.5419921875,0.1046488540955992
0.1031905030778816,13648.3359375,0.1045355818172594
0.1031992079352309,13620.970703125,0.1045264264971297
0.1032247742887746,13568.7958984375,0.1045268266504768
0.1029586406501208,13549.9296875,0.1042788969800639
0.102983722361357,13505.703125,0.10430491941774
0.1029858286994951,13459.51171875,0.1043070126536367
0.1030099199221296,13438.6298828125,0.1043283205185141
0.1031462975893972,13439.78125,0.1045473701288499
0.1032318929549855,13414.2939453125,0.1046165621410095
0.1027336897070759,13419.271484375,0.1039606656113944
0.1024891659058071,13389.4853515625,0.1037193142824561
0.1024107994257412,13376.3486328125,0.1036664801199483
0.1023399892049805,13362.5029296875,0.1034563440857259
0.1020110481509505,13355.923828125,0.10313303451019
0.1020089532198443,13323.9443359375,0.1031307866011979
0.1019602274069724,13325.2041015625,0.103186923908342
0.1016974896555083,13331.0859375,0.1029718496256376
0.1017717516345339,13328.37890625,0.1030183694551295
0.1016408126567958,13312.6044921875,0.1029036770576237
0.1016167394174805,13273.4443359375,0.1028299522200798
0.1018227630360344,13265.8798828125,0.1029354160603244
0.1017929653885189,13213.146484375,0.1029028368989412
0.1014815652913648,13209.0380859375,0.1025171896731519
0.101250377185232,13290.5107421875,0.1026249195266235
0.1012198441527192,13233.193359375,0.1025545938570373
0.1000376790952802,13328.5244140625,0.1015479874492496
0.1000406168627853,13268.439453125,0.1015454974843944
0.1000550752232675,13236.7646484375,0.1015684256165244
0.1001202700353701,13200.11328125,0.101607020041063
0.0991428442564408,13209.4091796875,0.1007140455392738
0.0991537389034128,13167.138671875,0.1007218319829606
0.0989891112070306,13246.37890625,0.100495268626906
0.0990098656086675,13220.927734375,0.1005036960437039
0.0989354709536708,13196.2958984375,0.1004752906423046
0.098131091343456,13230.1748046875,0.0997488707069876
0.0980283146313684,13216.0498046875,0.0995689400262117
0.0979977404949334,13188.16015625,0.0995270981881766
0.0979257709493827,13161.0009765625,0.0995151173453502
0.0979316194634639,13136.5498046875,0.0995129888219552
0.0979573976654862,13109.119140625,0.0995715453413586
0.0979690798782579,13087.83984375,0.0995874450431984
0.097709789485624,13055.455078125,0.0994807232417108
0.0977013389692054,13004.955078125,0.0995030403018148
0.0976375636659548,12977.375,0.0994365088002205
0.0976462662537256,12951.0458984375,0.0994394892382102
0.0975464209145401,12934.3701171875,0.0993125659518218
0.0975756683082242,12923.369140625,0.0992521415863408
0.097603347054766,12949.3115234375,0.0993589027276472
0.0972914701868577,12934.8642578125,0.0990120084398111
0.097193418375929,12909.306640625,0.0989129405747601
0.0971302760955263,12879.5458984375,0.0988439204855173
0.0971017308988825,12848.775390625,0.0988039416725697
0.0970387229689723,12826.1025390625,0.0987505735769975
0.0970447649938427,12805.4033203125,0.0987558000144603
0.096999202334519,12760.287109375,0.0987270116666597
0.0995658000191575,80663.484375,0.1012356499184835
0.0992803096729563,81672.2734375,0.1010753047579011
0.098830007239405,81544.03125,0.1006800789692657
0.0993549549839791,81810.6953125,0.1011461119910413
0.0989060504093218,82395.2265625,0.1006418685457723
0.0994215778583382,80679.7734375,0.1011390270939224
0.099060536401719,81196.734375,0.100864308753835
0.0991470280213584,82480.328125,0.1008375099282413
0.0991948104981332,80811.484375,0.1009046304763016
0.0987112123081394,81452.4140625,0.1005219168488666
0.099124410493414,82302.203125,0.1007829468601076
0.0989854765109203,80381.515625,0.1007431719416651
0.0984971061638606,82167.5625,0.1003034379252568
0.0986733187771176,81998.0859375,0.1004425993640937
0.099263137093852,79844.546875,0.1009846960691554
0.0990981376214819,81665.6953125,0.1008543352303007
0.0984436788074167,81155.140625,0.100289144293162
0.0993159900285031,80090.5,0.1011542751098348
0.0987015870666623,81871.3828125,0.1005748850780565
0.0986095445198679,81914.8828125,0.1005061376060427
0.0991560555209891,81928.4609375,0.100855114990839
0.0988145374334372,81704.109375,0.1006306234946062
0.0985098825036043,82399.1640625,0.1002986214292877
0.0989945398980622,81071.6875,0.1008645725123606
0.0995215266657768,80120.703125,0.1012790790858296
0.0990024795449171,80679.9609375,0.1008289923031366
0.0988953834415894,82170.5078125,0.1007131299656292
0.0987902099823704,81995.0234375,0.1004960155012292
0.0980409336912583,83091.4296875,0.0998533061633605
0.0978505250944252,82324.7578125,0.0996679794663588
0.0986343462008829,82090.59375,0.1003893759683421
0.0986009236477854,82185.4609375,0.1003868829783315
0.0984097688639242,83082.703125,0.1002770328556717
0.0980972476347964,81269.625,0.099959073143528
0.0982625913576023,83016.5625,0.1000932193385275
0.0980638693133505,82425.515625,0.0999326619412326
0.0978822351452893,81511.2734375,0.0998168027410232
0.0979912217823433,82856.84375,0.0997859965908208
0.097849618716523,83332.34375,0.0996648257747665
0.098623736121301,82391.484375,0.1004889422046507
0.0978134606189216,82864.125,0.0995965102697534
0.0984704640797564,82931.9921875,0.1002480701742316
0.0981449138271845,83490.953125,0.0998812914888611
0.0981143546444302,82606.15625,0.0999268214801467
0.0979107038658049,84485.15625,0.0996734796702229
0.0975459275847997,83913.1171875,0.0993962126830518
0.0980410762350957,83705.5546875,0.0999150416800821
0.0982789265809088,82608.1875,0.1001511100245556
0.0984594435795111,83841.3203125,0.1003420949955904
0.0983239644912253,83593.578125,0.1001344120360041
0.0983669324643754,83295.390625,0.100102105861885
0.0981803660128962,84859.15625,0.0999404010537647
0.0984290069595571,85135.265625,0.1001753005053786
0.0986056241296116,84697.421875,0.1003225319662998
0.0976616427626746,85191.90625,0.0993565288533368
0.0978773437019981,84470.8671875,0.0997655720673609
0.0978697449890456,83568.6484375,0.099588053346159
0.0979870778847909,85940.765625,0.0997135420906228
0.0982711484345534,83731.4375,0.1000681220111627
0.0975838774895326,85843.484375,0.0993100187915047
0.0980365753306469,85525.7734375,0.099755987164574
0.0979540614895712,85088.0546875,0.0997934156006357
0.0980500195452115,85146.2734375,0.0997672222509801
0.0974364989208505,86343.96875,0.0991419779867135
0.0980063460885738,85567.46875,0.0995631829923014
0.0977527387375985,84616.4140625,0.0994646717633354
0.0986685174460212,84854.234375,0.1002308850548116
0.0985613666379915,86040.15625,0.1003677349913706
0.0984943289298828,87022.890625,0.1001994110617594
0.0983109763609351,86424.140625,0.0999243787801847
0.098723637583483,86035.4296875,0.1004388600204918
0.0984181884729612,86100.5,0.1001944483853014
0.0983384160486253,86275.8125,0.099935859399461
0.0984747103247802,85439.6015625,0.0999804836431691
0.0985136919902865,84210.4921875,0.1001305613086885
0.098790451236218,86133.6953125,0.1003335834995897
0.0980035086724465,85717.0625,0.0995018163666524
0.0984051404391822,86394.4453125,0.0997721472439451
0.0980618681063348,84830.0625,0.0996740460115768
0.0985693768764744,85747.0546875,0.0999413192123039
0.0982110631827892,86004.859375,0.0998394372942594
0.0985007367056041,86940.875,0.0999355858393937
0.0986963892670858,85089.2890625,0.1000644590676352
0.0984160834164506,85943.859375,0.0998035833017993
0.0980203253549985,87577.3359375,0.0994448700356976
0.0980999593890836,86185.484375,0.0997110604590153
0.0978377466704558,86910.0625,0.0995462182289788
0.0979118823343112,85904.96875,0.099358399148953
0.0980227377687048,86181.9453125,0.099592995081729
0.0973869877684494,85926.015625,0.0989420189605058
0.0972084314453576,87263.328125,0.0987593577787664
0.0978933637392632,87091.9765625,0.0995544057568995
0.0980358825924456,86883.1875,0.099648082723198
0.0979684249672365,85846.8828125,0.0996264358430909
0.0975088183583265,86066.6796875,0.098887971260155
0.0981618350855728,86583.7265625,0.0998487851326734
0.0975276734423988,87211.890625,0.0991976951970798
0.0977076690615482,87153.0625,0.0994381141453938
0.0971978344617443,88318.5,0.0989368500581021
0.0969581552719172,87571.0625,0.098834415778326
0.0973003176672606,87562.328125,0.0991448104920395
0.0977169902598068,87329.8359375,0.0995456913180379
0.0973858189995031,87886.328125,0.0992299682525467
0.0972449720251729,87279.5234375,0.0990681758838918
0.0968019789146145,88313.7265625,0.0986357542934866
0.0981004037527511,86187.3671875,0.0998388323128861
0.0982198341374148,87998.703125,0.1000251861587657
0.0980920139409217,88444.5390625,0.0997360745977032
0.097916416955099,87067.5390625,0.0995508286034664
0.0986120300549605,86486.296875,0.1003623329961108
0.0975780004932414,87561.984375,0.0993615822405737
0.0975932461406769,87759.2421875,0.099390623909353
0.0978206362329578,88179.0859375,0.0997122121894312
0.098562793509746,87953.2109375,0.1003090152590254
0.0979366319814628,88202.2265625,0.0997674356489489
0.0975620888974611,88084.109375,0.0995152826037692
0.0979802187318128,87413.546875,0.0997223372335355
0.0976260123631718,88073.7421875,0.0995064585624292
0.0979420769949503,87260.4921875,0.0997323679742204
0.0977717063201876,86796.4296875,0.0996520198170669
0.0973685625314489,87894.28125,0.0994208815037138
0.0977169504101393,87921.84375,0.0995083730798024
0.0970595583716283,88533.296875,0.098922193702934
0.0974142961517921,88793.65625,0.099362710087778
0.0975089047412978,88556.859375,0.0993392432365781
0.0981728145130475,85500.7734375,0.1000586680748978
0.0976272898481344,89379.9375,0.0994311218600149
0.0975112560439256,88393.953125,0.0994656708804186
0.0966680334152612,89494.4453125,0.0979750443782262
0.0964859028823031,88908.5,0.0978310995794144
0.0959119855771616,90241.765625,0.0973365677402573
0.0962065986776937,89350.484375,0.0975555157172647
0.0959809341234474,88956.7890625,0.0972016365990421
0.0958952705562661,89991.734375,0.0971630072406289
0.0958098582208124,90232.109375,0.0970780264630011
0.0959155327002016,88787.828125,0.0972357870795588
0.0961132325458596,88497.0390625,0.0973314100955294
0.0953248259752476,89787.0390625,0.096543156865039
0.0958774560914303,89413.640625,0.0970526997527586
0.0959300079703675,89127.6953125,0.0972926137719
0.0960457356445441,88739.484375,0.09748335532368
0.0955080834819108,89828.328125,0.0964722365635694
0.0960879661649694,89040.671875,0.0969741216368122
0.0967666905779357,89762.7109375,0.0977639840940854
0.0966329588178127,89346.8046875,0.0976887260650085
0.0963985883776758,88958.8671875,0.0972877022095057
0.097085877111412,90841.2421875,0.0982003353984988
0.0960789659881274,88506.9375,0.096971418898886
0.0969282141673524,88339.7265625,0.0979100821036544
0.0957627479630003,89506.359375,0.0967574557388303
0.0964193953327156,88265.3984375,0.0974326995738934
0.0956390302518284,90831.453125,0.0965908933636962
0.0963269402796969,89722.0703125,0.0974008909659475
0.0962487278864261,90088.8984375,0.0970394477518185
0.096699619270517,89008.03125,0.0975831269075745
0.0967204049334134,88811.078125,0.0975041954162903
0.0966637201334137,88414.7890625,0.0976378796205103
0.0959593429565826,88755.40625,0.0970520398915872
0.0963620603886792,89263.3828125,0.0973527188252593
0.0960533243706746,89577.5625,0.0971905182296891
0.0969240815062305,89680.7578125,0.0978514226243543
0.0960782530582273,90589.0625,0.0970838895581376
0.0972807407044537,89658.53125,0.0980576955274761
0.0970160506012088,91044.0625,0.0978401103120725
0.0976833883557602,89616.359375,0.0983105310193128
0.0974107687380561,89621.015625,0.0981828478706334
0.0968055834375525,88933.484375,0.0975652465437494
0.0970768098484388,89277.8203125,0.098088339616559
0.0970512862953804,90882.984375,0.0977210437282964
0.0974188787630448,90416.0078125,0.0981787269261406
0.0963378323917137,90504.6484375,0.0971193162591566
0.0962184335029624,89393.8984375,0.0970398978675324
0.0968870199749395,90083.5859375,0.0975559758553469
0.0966764256154367,89870.4453125,0.0974743259143455
0.0966572637983039,89517.8515625,0.0973555468787939
0.096828492208142,89910.09375,0.0975873292939295
0.0971800739750496,90934.984375,0.0979370305759606
0.0966015045778402,90058.59375,0.0973950160921928
0.0976414588063317,89841.421875,0.0982138881004344
0.0963230349543639,91200.8046875,0.0970239910932424
0.0963722603794092,90393.4921875,0.0970056287372773
0.0971881965425755,89184.359375,0.0977273388941191
0.0972860173776142,90261.765625,0.0978888964264435
0.097291366729967,89996.25,0.0980020234053686
0.0966802770955487,88665.3125,0.0974294395911278
0.0971650789562445,89904.09375,0.0977004517739391
0.0975886561463522,89342.7734375,0.0983303742792706
0.0968140799349283,89416.171875,0.0974048983018896
0.0967277382626208,91331.9140625,0.097307576188405
0.0971846003624832,90524.953125,0.0977321136718358
0.0968753252440369,91081.03125,0.0975392235455814
0.0967993232452744,90106.671875,0.0976112577066852
0.0972939091542786,88843.0546875,0.0978932687427478
0.0967210100642875,90735.875,0.0975985428906315
0.0971672026733329,89075.9453125,0.0979702157297943
0.0956412356263919,91105.3984375,0.0964630897447106
0.096556148921521,90378.3046875,0.0973674843380942
0.0963929262139562,90072.3515625,0.097089599647993
0.0974980023183981,91136.609375,0.0981950739905732
0.0964404942276,90540.09375,0.097349841729348
0.0963350365742971,89292.9375,0.0972760280329693
0.0965840129916824,91502.4296875,0.0975216171139612
0.0971575064132329,91030.375,0.0977101168994464
0.0968692006143503,90056.71875,0.0973842411896393
0.0964450717864709,91035.2890625,0.0970029199162039
0.0963868290436748,90340.390625,0.096848394342967
0.096912151514089,89968.0703125,0.0974723625998495
0.0962602346349753,91062.015625,0.0966407919210749
0.0956839321221327,91571.0859375,0.0962000984282231
0.097253228549907,90389.671875,0.0977718492309729
0.0961980528678158,89294.8359375,0.0966402945374193
0.0964897027308274,88946.4375,0.0969263869768192
0.0963856032069611,91464.2734375,0.096859919934199
0.0963479623326221,90578.7421875,0.0968842354190954
0.0962943850617887,91164.46875,0.0966784379042534
0.0965826874951977,90488.390625,0.0971144211443284
0.0966554394557227,90436.453125,0.0971520380948347
0.0974554976609795,89263.875,0.0979114208434502
0.0959159661712867,90460.5078125,0.096334842449894
0.0967916104972814,90578.046875,0.0969945738392117
0.0965237677251616,88953.0625,0.0969480422528294
0.0962803690018413,88825.5546875,0.0967238787462686
0.0960696222153866,89662.8046875,0.0964227183682024
0.0962417190325127,89870.0390625,0.0964647329270105
0.0956276775400134,91227.671875,0.0961839794543566
0.0958462238679394,90560.2109375,0.096529311559359
0.0959093763332423,90042.484375,0.0964800191975682
0.0960725384124992,90866.4296875,0.0963870483815758
0.0953607928117994,91243.859375,0.0961001710680601
0.0957336226431508,89802.2890625,0.0961596183557176
0.0956779894699021,90104.828125,0.0962479421722983
0.0995493238081264,89712.078125,0.1001046092503399
0.0961039885670805,89873.4921875,0.0967089304577631
0.0956918641597036,89859.2109375,0.0961531694310362
0.0954714870144738,90692.8203125,0.0960648478732813
0.0953093550143991,90171.7734375,0.0959111943236657
0.0958605218921547,90313.859375,0.0963779449176184
0.0956610297420481,90020.625,0.0961210106245763
0.0957029809219903,90868.8984375,0.0960811165491507
0.0949220648755756,91088.5390625,0.0953426911464831
0.096425233092123,90857.7890625,0.0968490027077451
0.0923765258167459,91758.3359375,0.0934190380137684
0.0934252017900603,90546.90625,0.0944137410325625
0.0925786803008104,92458.0078125,0.093609694636806
0.0930379813167044,90255.125,0.0940334570147009
0.0941659703380735,92019.4609375,0.0951746396265338
0.0928242121982646,91504.03125,0.0938872801695204
0.0932438562027328,92346.171875,0.0943297422747582
0.0932904815360523,91578.0234375,0.0942291278494461
0.0981553075955653,91248.265625,0.0990535625262206
0.0945462794566994,92182.171875,0.095353831850043
0.0932823663082622,92689.5390625,0.0942909724583219
0.0947354236226978,92489.4609375,0.095446256045632
0.0949582645043253,91176.2890625,0.0960962378284553
0.0927383196272108,90700.359375,0.0937577792967835
0.0959383697575659,90762.7890625,0.0969858511890472
0.0930505226519065,91165.7421875,0.0943229703359711
0.0919151311558233,91117.125,0.0933812120602537
0.0937544908030754,90945.6875,0.0948871354441866
0.0927417970815231,91597.03125,0.0938805149416895
0.0937845514983098,91203.84375,0.0947487250655381
0.0921107774140212,92380.1171875,0.0932790137281792
0.0990844603562934,92091.1640625,0.1001004624394259
0.0934343111493989,90682.203125,0.0945881026607777
0.0922543523481073,91011.46875,0.0935052367147524
0.0958448447548821,91067.9296875,0.0969294773266649
0.0939139354113967,91645.5703125,0.0950009091018531
0.0928529163523631,91057.40625,0.0941013287277323
0.0948512695861258,90916.3125,0.0959158905374208
0.0928183504981984,91659.453125,0.0939953957138206
0.0920112320097222,91553.7265625,0.093139347285601
0.0918299414590415,91492.6875,0.0929811226117716
0.0919665488946125,91197.2421875,0.0932554143028138
0.0923152515782299,93857.078125,0.0936233294590972
0.0923878528447228,91707.8203125,0.0935304056857458
0.0922505681043924,91703.1796875,0.093378958567072
0.0924500613817437,91416.65625,0.0935434915935551
0.1123564408275129,89757.71875,0.1137098844380331
0.0939867264592901,92360.5234375,0.0953366984968751
0.0921324573647592,91548.9140625,0.0934579280831131
0.0922665619383737,91722.3671875,0.0933526520719497
0.0933508138431612,92724.28125,0.094534202853514
0.0948063882523338,91179.4375,0.0959712608643224
0.0940384745442955,89916.765625,0.0952345939986818
0.0917313932998602,93100.1328125,0.0930475820510001
0.0933669774182969,91051.515625,0.0946121217348944
0.1075786065750481,91677.0859375,0.1085311467791593
0.0926719301542765,92050.15625,0.0938789738020817
0.0982493375094525,90846.734375,0.099342976208451
0.0938645411673584,91365.203125,0.0949425109907228
0.0923084439225187,91455.3828125,0.0934967778933308
0.0932646316672305,91566.1328125,0.094435968682578
0.0998571515228209,91780.0625,0.1012628245041781
0.0930149735948085,90944.1796875,0.0943673832064635
0.0932087324099579,91849.9765625,0.0945208309465011
0.0942934537729706,92082.421875,0.0954411356546357
0.0929331252589759,92050.796875,0.0942845240967876
0.100407442911237,91661.8828125,0.1014218745474664
0.0925661067405663,90988.140625,0.0937757224888829
0.0929757075463634,91549.640625,0.0945652548406283
0.0927165704109145,92806.5390625,0.094160696689833
0.0923004613168954,92619.171875,0.0938816886959818
0.0923261005992194,90945.375,0.0939642954518965
0.0931652095019797,90790.375,0.0946944023009399
0.0914217556014682,93082.421875,0.0930747143117111
0.0930830989002961,90529.0234375,0.0944629420554673
0.0919686755689584,91274.859375,0.0937608921871386
0.0953372323110254,91680.5625,0.0967095164540308
0.0918353897962321,92086.4453125,0.0934438293185126
0.0916949012309471,92539.34375,0.0933496862725393
0.0920592292080456,91899.4765625,0.0935296620646263
0.0949831147143534,92873.046875,0.0966040168976277
0.0931514483448788,91932.8984375,0.0947022189883094
0.0955080262840109,90398.921875,0.0969525789921105
0.0945063246071784,92084.75,0.095901989941055
0.0919608046406303,90727.6015625,0.0934989237289432
0.0937126625618204,91839.40625,0.0952065224921981
0.10090527600895,91008.21875,0.1024831518186193
0.0930135300633983,92565.34375,0.0944317068204105
0.0914824885281626,90895.03125,0.092857912330897
0.0967030750945942,91898.109375,0.0981311119878342
0.0972778117398871,91796.7890625,0.0985482156620642
0.0928865894133577,90880.4140625,0.0943907307364561
0.0939559536480315,93043.40625,0.0954353278053457
0.0971407052543155,91231.546875,0.0984441809846688
0.0925043947399138,91451.296875,0.0939287597612768
0.0927271522570751,91700.8515625,0.0941484619231077
0.096724672895931,91189.09375,0.0979719961903718
0.0949948487923316,92554.3828125,0.0965172848364233
0.0929475970926382,91872.140625,0.0942935923608241
0.0922883981958943,91391.390625,0.0936602592435268
0.093127142728531,90839.3515625,0.0944993884804298
0.0917923983089567,91674.234375,0.0932916948194505
0.1002502210401139,91633.265625,0.1015482518004409
0.0920393970859446,92451.140625,0.0935622482276458
0.0918350461136811,91341.1875,0.093225547782404
0.0913766643856498,91929.9140625,0.0928408638473217
0.0922279943253859,92106.5078125,0.0936126034672249
0.0927666597181832,90876.25,0.0940695861302297
0.0941830656698355,90156.28125,0.095459212708408
0.0933652217340144,92322.484375,0.0947219097066782
0.0986397177968596,90669.3046875,0.0998658290043437
0.0931853504792895,91562.109375,0.0947315317184844
0.092569866389738,91041.3125,0.0940416482519581
0.0943773129591773,90852.921875,0.095958179337326
0.093320691973579,91906.1953125,0.0947793531090199
0.0984581819268276,92145.6953125,0.099969377682459
0.0995286491540492,93305.9453125,0.1008327135405217
0.0910523158292706,92494.90625,0.0924408428172189
0.0994604477879023,93074.65625,0.1009143420723489
0.0917076229369638,92326.6484375,0.0931155342138793
0.0918730817131773,91649.7109375,0.0933086317235608
0.0912497903375176,92122.875,0.0927304290213293
0.0922831580247963,91800.1171875,0.0936141302859497
0.0939358089237899,92039.546875,0.0951203032760119
0.0917456767790938,90696.265625,0.093148266365435
0.0921668546687773,90274.8046875,0.0935378151828714
0.0938287086017684,92020.3046875,0.0953217994228014
0.0915325686065722,91648.34375,0.0928616537672337
0.0914006352301066,91044.28125,0.0927214431224751
0.091503324731907,90603.8046875,0.0927685897193103
0.0933038463762212,90900.828125,0.0945283348047725
0.0920733678420967,91687.296875,0.0933107942033097
0.0936711373426371,91325.3046875,0.0951034022456573
0.0995518060300286,90836.7578125,0.1005113566791889
0.0922644789034653,92122.0859375,0.0936161250198076
0.0918718836674574,90986.2890625,0.0932499444753723
0.0918588153296766,92601.65625,0.0932944388389037
0.0925778503062604,91483.1875,0.0938738252493688
0.0964721085883998,92278.0859375,0.0977640806109991
0.0907501206912043,92857.8828125,0.0921276153562353
0.0911983939235028,93039.265625,0.0925679639798976
0.0916689238734157,90764.8671875,0.0930121077021864
0.0907894479850606,92536.40625,0.0921095864745825
0.0929202122368535,91187.234375,0.0941114751199806
0.0905199614303189,92605.34375,0.0918699105634931
0.0923306189198525,92170.8671875,0.0935640562220738
0.0912607410478538,91085.0234375,0.0924943190139198
0.1084694354409304,91932.34375,0.1095483250292878
0.0916933866687606,92230.703125,0.0932215954271471
0.0933609926683962,91888.4453125,0.094628244076689
0.0968415314143365,92564.328125,0.0983379627722236
0.0947888030473904,91415.671875,0.0958796538103263
0.0925960593800778,90724.9921875,0.0938378724832623
0.0920970294995979,92827.8515625,0.0934315085542734
0.091993011256818,90744.1640625,0.093351888259289
0.0901165645051369,92325.1796875,0.0913737880343445
0.0920635318313034,92512.3046875,0.0933784612579449
0.0910171088873846,91963.1796875,0.0923336714324069
0.0910161659905188,92349.4765625,0.0922013375840334
0.0906059321279245,92678.875,0.0919101232703904
0.1094106698075748,91831.453125,0.1099995742038387
0.092617990192564,91455.8671875,0.0936926657768493
0.1130195749845263,91160.0625,0.1133484051177799
0.1435884302628312,93519.328125,0.1437408455386796
0.0956746191618867,92544.6953125,0.0966901080035368
0.0935289835396703,92056.4140625,0.0946886102706814
0.091263209579782,92991.015625,0.0924060009100504
0.0974724023381171,93332.765625,0.0986543959666719
0.0934236759601067,94401.078125,0.0944853196966789
0.0904060368981606,92818.546875,0.0916518125738881
0.0912479648183411,92959.3359375,0.092393077307374
0.0923761402333875,91909.46875,0.0934338469680295
0.0932914429414248,94107.71875,0.0941083200366063
0.0928197789297134,93411.5078125,0.0937645139387765
0.0982565392719614,93736.0,0.0990644587769677
0.0941431007284139,92840.125,0.0949898659723878
0.1033331128057417,93475.875,0.1041346915773462
0.0945696084389243,93646.2890625,0.0953598353440982
0.1000156199614275,93737.328125,0.1007430879854308
0.099386688002705,93203.59375,0.1004691886554531
0.0976550961818608,92977.8984375,0.0984094645452702
0.0942396939188034,95101.859375,0.0950385832121289
0.1055245934749325,93671.3515625,0.1063122716394594
0.0961058709450639,95379.7109375,0.0968961124757991
0.0981547895017482,92996.875,0.0987655275180869
0.0957401148083195,93517.796875,0.096367036444504
0.1067598271830141,93790.9296875,0.1075065653658858
0.0921089454650388,93793.3671875,0.0927941418014958
0.0943054305774434,91129.171875,0.094798042444261
0.0917767865479441,95160.625,0.0925756025296267
0.0943217554634151,92436.2265625,0.0949601520678095
0.0946589507686108,94297.4296875,0.0951734265831302
0.1072154224705662,93187.09375,0.1076073355178348
0.1191747980621008,93503.25,0.1203687301755814
0.0959009846040257,95591.6953125,0.0966507373261918
0.0925095825121071,92821.6484375,0.0930685791553568
0.0921170216291194,94287.96875,0.0926303307707864
0.0961654670182322,93659.0078125,0.0966673910910972
0.0924162918926987,94073.0390625,0.0930584393964876
0.0954010449487965,94722.6328125,0.0956809877102776
0.0962037121947453,94460.875,0.0966331834955483
0.0935776136748575,93943.640625,0.0941123536743714
0.0938850205468345,95266.2109375,0.0943829375220723
0.1460910680634764,93702.2734375,0.1476181405528578
0.0925588633694337,93593.5859375,0.0929939377509874
0.0956616257586844,93239.7734375,0.0963758734072693
0.0942793384515478,95249.25,0.094885042316208
0.0943892894919656,94683.8984375,0.0950856489258601
0.0934111073128425,94765.078125,0.0942615592898686
0.0948209630635021,93266.8359375,0.0954703546698678
0.0971142273382944,94791.9921875,0.098071091566941
0.1006763229611232,93555.359375,0.101671238295996
0.0923341904738015,93181.0078125,0.0932276834366574
0.0929000154511873,94026.3515625,0.0939851636952013
0.0923452156415743,93555.6953125,0.0933198439776381
0.0917838926426048,94623.265625,0.0930243675298456
0.1015957324144707,94403.671875,0.102441509862087
0.0928616329248951,93864.5703125,0.094070193729352
0.1217387495325102,93786.0859375,0.1230156947960861
0.0930815180893136,94185.234375,0.093939814353915
0.0924571830602169,96609.75,0.0936913585072367
0.0988795458987424,95625.9921875,0.0995416255798483
0.1108166374967693,98110.75,0.1119377368564566
0.1281619527009985,93195.3671875,0.129695594060807
0.0969864486016038,95255.4140625,0.0978746144225278
0.0931952726658321,93968.9296875,0.0941532712666109
0.1004730660145766,93337.171875,0.1013971744533129
0.1043921810015766,93651.8359375,0.105607444378016
0.0955083006056095,95599.984375,0.0964000580231792
0.1011191774824561,93848.6875,0.1021262649365231
0.0945188111311426,94785.296875,0.0955304261066742
0.0991280232953887,95472.6953125,0.1000291276324893
0.0913959563715663,94129.34375,0.092341624532862
0.0964412454734988,95882.296875,0.0976703465726842
0.096008074926619,94852.3203125,0.0970486398551098
0.1043863766852377,95688.0546875,0.1055400822112365
0.0933065167543605,95126.0859375,0.0942167959171405
0.0919558590831801,94017.765625,0.0931613605299866
0.0965221849745706,94740.2421875,0.0974969652298813
0.092623124405679,93975.828125,0.0938231811098991
0.1504357597016997,93034.7421875,0.1522555252206527
0.1192777706766802,93132.6640625,0.1204033098359875
0.0941434850288429,94528.0546875,0.0952683898844135
0.0925112170084231,93495.6953125,0.0937165239636193
0.091860435594637,94334.140625,0.0932124985486321
0.0915310218372222,94258.3828125,0.0927171961136717
0.0916353987235193,94240.6796875,0.0928546704688528
0.1142603743617749,94599.1796875,0.115958614784263
0.0945716320990966,93665.21875,0.0956249282680556
0.0915187844630359,94026.453125,0.0927822353438156
0.0920246875284231,94857.296875,0.0930704498510181
0.0928933269898997,94315.6796875,0.0938361317951842
0.0918984028846595,92116.1484375,0.0930441926181632
0.1062529696950738,94294.9453125,0.1075562494763216
0.1293163619665979,94583.5703125,0.1309664975947798
0.0959416678799581,94125.8046875,0.0971720662348797
0.0915912947048117,95781.1640625,0.09257636855363
0.0938074541187144,95097.1953125,0.0949930255481341
0.0939312171310377,93316.9765625,0.0952317097229649
0.0931852310995812,94517.9140625,0.0942302510892158
0.0920696268934763,94049.671875,0.0933121812557152
0.0915508953053387,93853.5546875,0.0927880884289363
0.0965791693128525,94579.546875,0.0978711968182433
0.0920181515999957,92909.984375,0.093410834903984
0.1114263164433974,94378.5546875,0.1127641134967292
0.0904552833589814,93334.6171875,0.0917380342221735
0.0936594880816539,93256.2578125,0.0948724950574558
0.1109016774483984,93481.6640625,0.1115176232450738
0.091733242104413,95493.0546875,0.0932260869372778
0.0911461297943943,96208.65625,0.0926173902494481
0.095078110339736,95010.0625,0.0965131769273226
0.0915271469400681,95136.2421875,0.0928247966661663
0.0914737444628358,93302.0390625,0.0927432921241682
0.097358201054149,94518.140625,0.0985033539297304
0.0957211080502909,93059.3046875,0.09686857545809
0.0947456418447278,93859.1328125,0.0958357141098032
0.1054144260432463,94211.671875,0.106094355431555
0.0941936351979324,92906.1015625,0.0954878010990836
0.1787838701987494,95079.2421875,0.1809252097452094
0.0904158270737915,94420.7890625,0.0917512533284092
0.0913956685704225,95201.03125,0.0927344618613316
0.0936883169648792,92562.3671875,0.0947640915697076
0.0916036923408878,94686.875,0.0929970229797001
0.0918863340293147,94444.2734375,0.0932044404041551
0.0924492915481837,93331.34375,0.0937112667778042
0.0928450459855358,95002.25,0.0940101400942886
0.0955668902974902,94675.0625,0.0969913511646102
0.0907004717050441,93911.71875,0.0918768813096031
0.106889859907854,94143.4765625,0.1082427933199319
0.090921360420473,94717.703125,0.0921971177481878
0.0894964357857698,95132.8671875,0.0909379270190967
0.0905975202916295,95706.3359375,0.0919620011647809
0.0991124886441287,93205.9609375,0.1006199725346213
0.0913032675325783,93796.7421875,0.0926875619557279
0.0906435091943122,93976.3515625,0.0919634938268746
0.0953614725354131,92695.359375,0.0969007915909966
0.0914271638373488,94420.7890625,0.0926080296597145
0.090399509251214,94594.8671875,0.0917070226156506
0.0896449278973049,95073.953125,0.0910870833935089
0.0951158516009693,94906.0625,0.0963071553020195
0.1002318074266332,92688.53125,0.1010754590456767
0.094974973507653,93543.625,0.0961178217374761
0.1088943658094976,94553.921875,0.1102367428335861
0.0911509725312068,94823.1875,0.0923194712670355
0.0912729869593251,95503.4453125,0.0923582256865189
0.0910666725164791,94465.6796875,0.0922373275433928
0.0902862550973222,94232.453125,0.0915258016357424
0.096553883864893,95813.6796875,0.097811496516782
0.0910364328797102,93422.859375,0.092399768658456
0.0907504483293501,95955.625,0.0919689149011368
0.1086292736403104,95995.7109375,0.1104442220594252
0.1129164114541788,95543.8671875,0.1140742039120646
0.0953386897871003,92799.265625,0.0964841465495191
0.089867853122112,95414.09375,0.0911401099819147
0.1392376370417438,94633.640625,0.1411115563153983
0.0899301920569438,95009.078125,0.0913424670761277
0.1024041007265255,94470.203125,0.1032771590837187
0.0947403077569879,93075.8515625,0.09603516891333
0.0904789717206135,93827.8828125,0.0918069536293855
0.0929351982453361,94639.8125,0.0942976087005985
0.123605716086498,94028.734375,0.1251238993620617
0.1018416207594749,93567.453125,0.1029381608356582
0.094597272131812,95065.328125,0.0959224398435721
0.0899199000492701,94780.2421875,0.0910554208331442
0.0918809238183517,94856.359375,0.0930843376522476
0.1083305616421128,93951.5078125,0.1089105459835237
0.091388196923251,94250.171875,0.0925262536515628
0.0948568317437931,94862.3125,0.0959493611151423
0.1785703294824423,94000.1015625,0.180417403861192
0.0907203826757138,94396.6640625,0.091754945974182
0.0988641890783279,94217.2109375,0.1001077541535505
0.1089395873623433,95370.234375,0.1104356578228044
0.1004798295827823,94499.46875,0.1013794342549988
0.134153638413426,96125.4765625,0.1352757079842647
0.0895607953831887,94832.6171875,0.0904813066087139
0.0937609163435998,95489.8984375,0.0946130401007572
0.1052701140399252,94745.8984375,0.1056683955725196
0.1253293106139151,93666.15625,0.1263851377722674
0.0902421764193974,93994.890625,0.0912669825825431
0.0900342689277805,94700.7265625,0.0910920490193032
0.0899892958832815,94699.9140625,0.090920486102774
0.1217447586004801,96661.34375,0.1229243229253897
0.1168914920487192,95567.390625,0.1177256169112594
0.0916466193374462,94681.640625,0.0926890919532349
0.0901296052203024,93686.375,0.0912614768850756
0.1051335349074071,94953.9609375,0.1060499365634246
0.0922743647886596,94584.390625,0.0933662924934438
0.0932562217543224,95050.53125,0.0943433833453499
0.0912791523359582,95144.0234375,0.0922113964379001
0.0937314880474429,95883.0859375,0.0943462933473986
0.0932219746039624,94833.6015625,0.0941310396122798
0.1063313542520228,94322.8515625,0.1068474778482535
0.090771649669024,95772.921875,0.0915550846214005
0.0897848662136647,94980.2109375,0.0908179588646613
0.1128334415864076,96224.609375,0.1135154020885941
0.0891311743879436,95170.6875,0.0901332915008383
0.0967182922930599,93436.0625,0.0972541794134345
0.0900768955205927,93942.5234375,0.091127546943308
0.0902413645952429,95215.671875,0.0912404664146306
0.0897630560925452,93806.8125,0.0907125443116099
0.1007940404329124,95097.6796875,0.1017023421456161
0.0926693193398304,94887.9765625,0.0936710297559771
0.1113517519049357,93016.328125,0.1125643697254574
0.088426200389603,94774.2421875,0.0896205693915388
0.088861379876379,95207.2734375,0.0899477269934167
0.0910561289771729,95585.9453125,0.0920779677260333
0.1027755975962709,95822.9296875,0.1032954068922172
0.0905857867280361,93986.1875,0.0918003734379732
0.0935228924419267,94987.796875,0.0945443081523991
0.1052571610679953,94035.0859375,0.1057768230384038
0.0877548969837528,94904.40625,0.0891300409074375
0.103850587511684,95095.0625,0.1051275804588012
0.1080929496859502,94750.0390625,0.1094395626254531
0.2104256824926973,93325.2265625,0.2129939530125174
0.0900030839145492,94061.9765625,0.0911102870726523
0.0904303865284022,94616.046875,0.0916181141614928
0.1078429196845341,93156.796875,0.1085991786154902
0.1040519878536821,94837.3046875,0.1051515355253182
0.0998969335209571,95675.9453125,0.1007778508106072
0.160133682212619,96051.0859375,0.1622064757093085
0.0963880101639301,96234.7265625,0.0975062214263147
0.0894363477778846,94229.84375,0.0905538773343139
0.119328462272047,94067.4765625,0.1188406369907335
0.1003447244164117,96549.0546875,0.1014161785657269
0.089171701879781,95719.96875,0.0903231230868882
0.1230753944373252,93007.9765625,0.1244626600944786
0.10666742338844,94304.9375,0.1077856971522506
0.0935933220805682,93631.5078125,0.0947094249383602
0.1093317080244671,95075.2890625,0.1105016580425814
0.1177640947507677,97105.4140625,0.1191646097168371
0.1158516257594879,95743.5,0.1170826593064665
0.0886633106680027,95244.453125,0.0895677836902025
0.0880554291063275,96205.0390625,0.0892306567913769
0.0935353385206975,95073.7578125,0.0945476993191609
0.0923721130136972,96080.6015625,0.0934723130069791
0.0880763740695309,95704.296875,0.0891277929505018
0.0903695764184585,93758.546875,0.0912745855133761
0.1248858427298723,95082.0,0.1261749069464157
0.0924102049445181,94898.8984375,0.0933287032571791
0.0915944327175052,94852.765625,0.0925162213131991
0.1195835928390452,95892.9609375,0.1198854425730906
0.1128423593840916,92852.734375,0.1135841476063649
0.0893354366715919,93533.984375,0.0904234772547752
0.0887616018202743,95738.4453125,0.0897288355587805
0.0922237196989277,94841.8359375,0.0929750918843302
0.1381488903781496,94361.7265625,0.1398899553270995
0.1015201581834325,94739.3671875,0.1021145271532466
0.1152222887737013,95651.375,0.1158372981664042
0.0908006495043185,93404.296875,0.0915844416515977
0.10248358541144,94218.515625,0.1033885132473786
0.0909863217591635,95626.2734375,0.0918502716783394
0.131211400450815,95431.5546875,0.1328630297527047
0.0906071731510011,97259.7421875,0.0917632027876017
0.0910503769211371,95337.1484375,0.0921114886211455
0.0881787122735737,95494.4921875,0.0891443872582124
0.089019869679673,96618.75,0.0898725903853176
0.0967844314265916,93585.0390625,0.0976544023818621
0.0881117503357664,95810.5859375,0.089097833439973
0.0990928196069803,94606.515625,0.0998177031705116
0.0952647162505498,93705.03125,0.0962254242492503
0.0964229027051628,94719.6015625,0.0971719966249022
0.0983574115239109,94325.90625,0.0994702421219366
0.1032982995597758,94793.6484375,0.1037552384091109
0.1220184925535221,94314.6171875,0.1227498816997594
0.0954684554963626,95690.953125,0.0964673575092558
0.087142019005323,96316.5703125,0.088227550194777
0.1072693044785012,93441.8828125,0.1082902702748
0.110118155366135,94295.3515625,0.1107126562903621
0.1629817388723755,95035.5078125,0.1648112909830381
0.0929806292085782,95314.5859375,0.0933756565597928
0.1427558213459523,94775.0546875,0.1435451186534361
0.093292631709425,96408.1640625,0.0937669053477358
0.0922045084235843,95366.5234375,0.0928456967098435
0.1051701177159406,95083.6328125,0.1057691034493413
0.1003061534521408,96931.484375,0.1008403693633936
0.1280000942732224,95071.546875,0.1284374618188651
0.0966452767122013,94594.5234375,0.0970579098561789
0.0879458546487478,97644.375,0.0887248945978099
0.0964437945673065,94733.5234375,0.0970292409999954
0.0935713212443645,95450.3984375,0.0942048211717363
0.098755314356806,93270.7734375,0.0994097430058175
0.1252644283617537,95827.265625,0.1258531815290406
0.0921236260315078,96520.15625,0.0928151321848855
0.0917228157226145,93949.3515625,0.0924901892329253
0.0945002724342593,94047.2265625,0.0949180944167459
0.105198739250401,95879.828125,0.1055232278109408
0.0889189584749235,95778.96875,0.0896872861559048
0.0924655887784825,96615.125,0.0934547669310033
0.0931066300430025,95451.84375,0.0937307791199808
0.0915069743171308,93711.546875,0.0921998558523564
0.1106020267972398,94837.40625,0.1107305723751191
0.0942329646699769,94923.84375,0.0949304347907388
0.1317577945626214,95351.03125,0.1323656200197693
0.0917702065824842,94363.9453125,0.0924947966053597
0.1079389895829315,94351.5625,0.1086316651159878
0.0912457344870626,95702.578125,0.0919977066123717
0.1038940334429845,95602.3515625,0.1044058633139302
0.1241933575905833,95648.5234375,0.1256823010124866
0.1282350123452036,94832.0234375,0.1282720083972832
0.0888787779586822,96463.28125,0.0896664060170193
0.1110296919612571,96543.28125,0.1115840999600004
0.0900395029369272,95007.8515625,0.0907605442259671
0.0885088059043834,95670.9453125,0.0891556774829656
0.1016523507580603,95318.203125,0.1019221913305003
0.1075917066742138,95151.7890625,0.1077670309882428
0.0937640536043895,94897.7109375,0.0942208113472376
0.0897027892387654,96376.7265625,0.0905822740852244
0.0923939934405322,95532.4453125,0.0928141376977119
0.1089267116842417,95572.8515625,0.1094429799031785
0.0970626043278462,95261.9765625,0.0980850078627459
0.0887576823684616,94132.8671875,0.0897212357529578
0.0993500780383465,95471.921875,0.0999046441799363
0.1009355812808644,96051.859375,0.1015463099512871
0.0978870937620099,95013.734375,0.0985651268334117
0.0918910270398034,94774.953125,0.0926614174427132
0.1088771923070197,93573.3671875,0.1098855107838212
0.094343924342149,95173.4765625,0.0950288302574268
0.1149299505530913,95774.703125,0.1156700785352768
0.0954201259068649,95574.2109375,0.096293837199506
0.091339567557453,95886.1484375,0.0918318521387292
0.1420220148999167,98652.8125,0.1437382438373874
0.0963832965224018,94623.0546875,0.0970759613036335
0.0926434331112309,94498.8046875,0.0931676117548698
0.1029061135716413,94395.8515625,0.1036109581549363
0.094956574642094,95604.734375,0.0954978166168337
0.0971555537463963,94798.1875,0.0977180162586215
0.0984345476674878,93539.4140625,0.0991062547553039
0.0891872426929069,95744.875,0.0900349585238312
0.104733496547697,94280.0625,0.1050022723708803
0.099086874209931,95026.0,0.0998261615020834
0.0935857106542356,93569.375,0.0943100031510788
0.0876481439873144,95933.53125,0.0884365280384027
0.0937639641390658,94026.8671875,0.0943312734505089
0.0957680863663156,94360.9453125,0.0961425659763465
0.1002109993081993,96079.515625,0.1010108416819137
0.0895885691506417,95232.0859375,0.0902717629395083
0.0896325964713044,95573.1953125,0.0903732636685676
0.1034707532378573,95468.0703125,0.1041565825538469
0.1068028162436388,95887.1015625,0.1071586729306247
0.0914855359611868,97340.515625,0.0921120374789096
0.1578390580572183,95802.59375,0.1583634055265225
0.1482096173409123,94881.921875,0.1495970861399891
0.0869160344212911,93297.09375,0.0874097076066606
0.0876031436228574,95974.7421875,0.0883407319049166
0.0947515215636537,95826.40625,0.0954001981023477
0.0966554215263115,95553.6328125,0.0969385753620953
0.0897214082646028,93060.28125,0.0902733382370433
0.0947941640731681,94848.109375,0.0954202191997447
0.090881809732794,94270.3828125,0.0915200265980468
0.1063343889103663,94319.0703125,0.1077435533595137
0.1914244950421046,94467.8515625,0.1938034545058213
0.1277967469972276,97862.4609375,0.1285894271828245
0.0919496883150578,94401.3671875,0.0926003829042096
0.1060301800333783,94511.078125,0.1071059056191455
0.1334185459860766,95050.8046875,0.1343667269068008
0.1015786649992652,94977.3671875,0.1026794782086404
0.105252966551789,95608.4609375,0.1059419601175173
0.0982176949776175,95718.859375,0.0989003261477616
0.0890245158786289,93925.5390625,0.089750125377984
0.089274063945575,96048.9296875,0.0900822274381064
0.1019348009098258,95207.140625,0.1020320818971533
0.0948256165569091,93997.4296875,0.0953196316259119
0.1330687885771865,94644.828125,0.1328135325046356
0.1285482204691644,96309.453125,0.1289369350139951
0.1129327063593599,94940.9453125,0.113828431020461
0.0901235011188578,94328.6328125,0.0907515284294725
0.1427695787716796,94519.65625,0.1440150186288788
0.112075804445527,96551.625,0.1123096000201128
0.1002029153214642,96388.6796875,0.1007080470851035
0.1019963379988292,95417.8125,0.1021551756481444
0.1613319758908031,94821.7265625,0.1615529648096573
0.1288436888614017,96100.921875,0.1308267287681737
0.0993455721592229,95402.4453125,0.0997614551217321
0.0987816879344985,94631.796875,0.0997366064285525
0.1003850442542966,94672.9921875,0.1010421376304979
0.1393038539513744,95345.6328125,0.1391860252920798
0.096906006893268,94630.8828125,0.0976181339416447
0.0894994891563537,94978.7265625,0.0901902013132681
0.1875672184385646,96747.3203125,0.1889416568403678
0.1203398403336248,95656.8125,0.1215384575113572
0.0891529738196821,94766.1171875,0.0899293445591363
0.1033627532933364,95225.3125,0.1042461063286976
0.0886735832240694,95907.90625,0.0895367203556393
0.0935766541473737,94844.84375,0.0941261346515964
0.1415041311640837,95688.3515625,0.1433520734596607
0.0914756200675525,94239.578125,0.092133217310437
0.0987931451081616,93971.328125,0.099111371544943
0.1169023942864289,96538.5625,0.1181907674123391
0.0924590454492654,94106.1171875,0.0926371616930988
0.095079918196734,95295.1328125,0.0956698622327885
0.1103946033345299,93787.7265625,0.1112288000844642
0.0938180971716609,94610.1640625,0.0943740855238962
0.1479326464328479,94119.8125,0.1489567454233357
0.0915737072039315,94116.359375,0.092354357627451
0.1308605801166628,96311.5703125,0.1323536931082021
0.1143931309761231,95564.0078125,0.114619604360013
0.1072784696141552,96195.1328125,0.1081400094690548
0.122167161914388,95335.015625,0.1233431793063018
0.1114464425821742,94895.453125,0.1119062142502005
0.0888518510405177,93848.203125,0.0895903170684436
0.1118865229212001,94400.3984375,0.1122566516240111
0.1861381012068184,96699.9140625,0.1873552331815091
0.0881566428410917,93663.484375,0.0889648472982962
0.1091280656577315,93783.6796875,0.1098873429970121
0.0892649011883699,96380.6953125,0.090276919808051
0.1091373121846819,95883.3515625,0.1098424832509231
0.1293667730395861,93316.703125,0.1295359216065719
0.0965936424299285,94261.3203125,0.097301202767783
0.089105434920865,94167.578125,0.0900090230158254
0.0985948831687224,95430.1796875,0.0990819625571557
0.1067149822851993,94241.3359375,0.1076536468279182
0.0995924997886598,96277.3125,0.0998572610974635
0.1233829686903994,96751.4921875,0.123918581584923
0.133242056282532,95265.4453125,0.1337504016756939
0.0909463484450071,95396.1796875,0.0918676163821904
0.1633049905525656,96315.8515625,0.1649450108191983
0.088870204058951,95200.1640625,0.0897300067080065
0.0935256613252446,95385.65625,0.0943812358740025
0.1515098079317473,95909.34375,0.1521396204915898
0.097369124719015,94689.1015625,0.0981397818613421
0.1152928747859261,95934.34375,0.1151857886482204
0.1267040236447486,95339.828125,0.1266407306109979
0.1114894467930541,94580.2265625,0.1124034452644284
0.1351434611390126,94816.84375,0.1369635098915715
0.1216962326557107,94659.078125,0.1228443074307103
0.0967714861733499,95430.1171875,0.0976723511964214
0.1146253457552684,95228.921875,0.115686688546294
0.0951611829983283,93982.9296875,0.0957923972036796
0.1018487378384239,95300.1953125,0.102601280627227
0.0909426374095764,94860.5625,0.0915911820515229
0.0866047116551053,94782.53125,0.0875253698533476
0.1161491430425688,96937.8515625,0.1168826820507635
0.1058114244744802,95372.4140625,0.1059285682214986
0.1046075388546918,95567.3125,0.104997704673841
0.1175994370445306,96033.1015625,0.1187647242539974
0.1022092437884121,94117.515625,0.1031937069640299
0.0983553478812775,94241.484375,0.0991428963897656
0.1218157498174192,94562.6640625,0.1220136078774273
0.0846917387064295,95632.9609375,0.0855949921127282
0.1010269026583277,95150.4375,0.1018567228565444
0.1022071414810566,95439.390625,0.1033539489381757
0.1197810515412497,93918.59375,0.1201806057850902
0.1079358929614275,94075.78125,0.1089154166523332
0.0911804884072632,95211.7890625,0.0923463696110201
0.1244676416475721,94315.15625,0.1258014381206933
0.0872981618551216,96205.46875,0.0881501729670623
0.1010357701913603,95244.2109375,0.1021200737305148
0.0893069370825367,93374.484375,0.089912127140757
0.0863270247446305,93357.5625,0.0873262135111555
0.1018375363937674,95496.9609375,0.1027306091268183
0.0875677435683563,95214.0546875,0.0884327102398229
