length_scale,nu
2.975879654518924,1.5
2.975879654518924,1.5
3.5572575303435063,1.5
3.046566151096039,1.5
3.811177138384106,1.5
3.6850458968043593,1.5
3.719049376139884,1.5
3.695480166049119,1.5
3.4711323271492067,1.5
3.474870874287405,1.5
3.550405744489207,1.5
3.20584154781356,1.5
3.210247372183175,1.5
3.085795756204915,1.5
3.0997366773826047,1.5
3.133087627141557,1.5
2.8808341432595133,1.5
2.900189355528813,1.5
2.772079214072469,1.5
2.790993169355613,1.5
2.7933210213553528,1.5
2.750924105720097,1.5
2.549628723788299,1.5
2.560531486561465,1.5
2.435378031094753,1.5
2.44361727300627,1.5
2.4016790554598986,1.5
2.410069181238853,1.5
2.3935817835879094,1.5
2.3968765832362635,1.5
2.352589851432048,1.5
2.3630748795784084,1.5
2.3732957957478646,1.5
2.375375203475787,1.5
2.3870675572834514,1.5
2.401746899202524,1.5
2.4176863156776807,1.5
2.425182643249281,1.5
2.186685374378544,1.5
2.155309960812577,1.5
2.101720184237436,1.5
2.1086728074812573,1.5
2.1034335598666747,1.5
2.0530094041116085,1.5
2.059189125520387,1.5
2.063088578381587,1.5
2.0683587523102966,1.5
2.06412924193803,1.5
2.0663322804981603,1.5
2.069484518533924,1.5
2.060097273428115,1.5
2.0645316224075203,1.5
2.072491265768562,1.5
2.080503068018888,1.5
2.083359009466551,1.5
2.091721736316634,1.5
2.09441127954146,1.5
2.0949709938739045,1.5
2.093337026127609,1.5
2.099731397704585,1.5
2.1043831967107147,1.5
2.109887702366647,1.5
2.116641629448444,1.5
2.121759022343188,1.5
2.046033296772015,1.5
2.052268282322657,1.5
2.058583387244824,1.5
2.0439432908242527,1.5
2.047385393234034,1.5
2.0505898115929235,1.5
2.057638123923548,1.5
2.063159166190882,1.5
2.0700696751673515,1.5
2.071565311237458,1.5
2.075890518626847,1.5
2.0819369125215004,1.5
2.08866101854016,1.5
2.087760504564176,1.5
2.093265886655625,1.5
2.0988244977417057,1.5
2.1003506714527287,1.5
2.0968329731665247,1.5
2.1023038012487043,1.5
2.1033510005907687,1.5
2.095951021888045,1.5
2.1006774958147174,1.5
2.0731035221405985,1.5
2.0776108696499875,1.5
2.0783226439855627,1.5
2.0844211294820374,1.5
2.0817391402680587,1.5
2.0202044930818883,1.5
2.0200864162221905,1.5
2.023788435082789,1.5
2.0257778016004866,1.5
2.027237394405866,1.5
2.0280283401203305,1.5
2.024075361919225,1.5
2.00276441027204,1.5
2.0033803850614955,1.5
1.9984588266795864,1.5
1.9942791787433585,1.5
1.9985825514240008,1.5
2.003154471189888,1.5
2.008088473080932,1.5
1.999276690246488,1.5
2.0033226858788304,1.5
1.9983079888418576,1.5
2.0023738632822634,1.5
1.98233961541018,1.5
1.9886441964751824,1.5
1.9952451843225107,1.5
1.9788345294186584,1.5
1.982501521995152,1.5
1.9867337244526249,1.5
1.9818195307281583,1.5
1.9814641492808536,1.5
1.9854492806653712,1.5
1.9827889841396007,1.5
1.9870296978623296,1.5
1.955934259862868,1.5
1.960139794969368,1.5
1.9652762174076115,1.5
1.968751168671761,1.5
1.9739250351571649,1.5
1.9765773115073075,1.5
1.9786321992036,1.5
1.978839683544112,1.5
1.982383873545379,1.5
1.958600818592027,1.5
1.9615921809881305,1.5
1.955696343429768,1.5
1.9583462874616808,1.5
1.962747966597684,1.5
1.9659954812506568,1.5
1.9700562637634245,1.5
1.973949469547534,1.5
1.9785375840198696,1.5
1.9822640516525103,1.5
1.9866015350810264,1.5
1.9714172813285449,1.5
1.975337927671181,1.5
1.9793948349610364,1.5
1.9799001120481616,1.5
1.9838147793557213,1.5
1.987682636203305,1.5
1.9333794022492965,1.5
1.9369265046712447,1.5
1.940612722244,1.5
1.9421143255364908,1.5
1.9459535350648105,1.5
1.9501114203168453,1.5
1.953724907762849,1.5
1.956049968761404,1.5
1.9562461257748949,1.5
1.9597117600113725,1.5
1.9544046376556123,1.5
1.957960793212072,1.5
1.9618146780956127,1.5
1.9645661314444376,1.5
1.964695004784698,1.5
1.966880263111756,1.5
1.918364947996316,1.5
1.9221577813374984,1.5
1.9249056992997813,1.5
1.9222467995253023,1.5
1.92312785738597,1.5
1.9258565466925488,1.5
1.9293713891165647,1.5
1.9281013695484104,1.5
1.9030152147260613,1.5
1.906487194704584,1.5
1.9102958283730764,1.5
1.9135396159075853,1.5
1.917140848854856,1.5
1.9197845343351667,1.5
1.9226467222459944,1.5
1.925974112854625,1.5
1.927791265201644,1.5
1.930794856210288,1.5
1.9340513396466783,1.5
1.9346285350270829,1.5
1.938290106047324,1.5
1.9354909950650103,1.5
1.9387028223312217,1.5
1.941520415759848,1.5
1.9437004769066832,1.5
1.9461786233000664,1.5
1.949409511582385,1.5
1.95168870941923,1.5
1.954055088454512,1.5
1.9554816661783505,1.5
1.9262198572529927,1.5
1.929626155085384,1.5
1.9305707925048297,1.5
1.933571930784384,1.5
1.911519655126373,1.5
1.9077854256852729,1.5
1.910995430761262,1.5
1.906888436567848,1.5
1.907924193689952,1.5
1.909440571654355,1.5
1.911124502317272,1.5
1.910941263652673,1.5
1.9117166228628728,1.5
1.9139347013677108,1.5
1.9171623541347969,1.5
1.9202332647186653,1.5
1.9232809302651,1.5
1.925065440473488,1.5
1.880292827144178,1.5
1.8831833793467687,1.5
1.8860304667072425,1.5
1.889100248599174,1.5
1.890561613764812,1.5
1.8936715354616955,1.5
1.8966956559079384,1.5
1.89904873354176,1.5
1.9022500685710253,1.5
1.9048616358745003,1.5
1.906921246054276,1.5
1.901197434587576,1.5
1.9039814501381125,1.5
1.906546068078572,1.5
1.9095747191172985,1.5
1.912372819643264,1.5
1.915369553593538,1.5
1.9177430840438288,1.5
1.9181651358166985,1.5
1.919927970183068,1.5
1.9229710217870293,1.5
1.917681548578297,1.5
1.9203623847421447,1.5
1.923400956152434,1.5
1.9240130515470768,1.5
1.9262072528974403,1.5
1.925892536924472,1.5
1.9244787020525709,1.5
1.9261165046733624,1.5
1.921931719080819,1.5
1.9228282407570336,1.5
1.925730292686988,1.5
1.9282802452022605,1.5
1.90212595212313,1.5
1.90177846454472,1.5
1.904669662714085,1.5
1.9069575599607496,1.5
1.9092211062381983,1.5
1.9118745438067808,1.5
1.9144212242689056,1.5
1.917096951584592,1.5
1.8917812177306244,1.5
1.8933395657315009,1.5
1.8959420145006791,1.5
1.898638726128616,1.5
1.885237412080496,1.5
1.887453878761018,1.5
1.8890912371539927,1.5
1.8901270344794896,1.5
1.8924223912127447,1.5
1.8947892922022145,1.5
1.8948083547939083,1.5
1.8972048792107228,1.5
1.897141935487885,1.5
1.8997522065831944,1.5
1.9024501773081053,1.5
1.9037992060218505,1.5
1.905757651985005,1.5
1.908215528134204,1.5
1.910165768841528,1.5
1.9116478955956755,1.5
1.9143430251129736,1.5
1.8989559401841305,1.5
1.90154206382425,1.5
1.8911340912578296,1.5
1.8937155080839727,1.5
1.8961969600989708,1.5
1.898371823050724,1.5
1.8988587588854868,1.5
1.9012230150255969,1.5
1.9030209549485624,1.5
1.9048928707817416,1.5
1.906731003381199,1.5
1.902146096079604,1.5
1.890300490014264,1.5
1.8921512453447584,1.5
1.894646023323692,1.5
1.896868882746094,1.5
1.8992736690784136,1.5
1.901273516083137,1.5
1.9027699034696148,1.5
1.905126065799567,1.5
1.9075397364112228,1.5
1.9098368887122976,1.5
1.912268396349148,1.5
1.9147017943085607,1.5
1.9057158797350129,1.5
1.9080605288609245,1.5
1.9104020330704403,1.5
1.912196381542276,1.5
1.912443542203424,1.5
1.9147267393688647,1.5
1.916803506990563,1.5
1.919097251054972,1.5
1.9102662372288,1.5
1.9061594320425008,1.5
1.9082877027829936,1.5
1.902565340641994,1.5
1.9048249690492207,1.5
1.9063462051086328,1.5
1.908736382110271,1.5
1.909473472679896,1.5
1.911616430843668,1.5
1.9118886945240248,1.5
1.914172472381304,1.5
1.915917607756885,1.5
1.9177628721753792,1.5
1.9192713392050949,1.5
1.918654052157518,1.5
1.9181015309966671,1.5
1.914769665625312,1.5
1.9169324820327809,1.5
1.919160182708143,1.5
1.920375853900559,1.5
1.9220743120248749,1.5
1.923631816963566,1.5
1.924735875128831,1.5
1.926857266334371,1.5
1.9285246693765152,1.5
1.9294660700112127,1.5
1.930377769868856,1.5
1.932467562751568,1.5
1.9346351658909289,1.5
1.936358062438973,1.5
1.937687299056593,1.5
1.9389331281354163,1.5
1.9405341300467829,1.5
1.9427139910725144,1.5
1.941586120537468,1.5
1.9243553339544863,1.5
1.9264561342451003,1.5
1.9286811380651991,1.5
1.9307946289893048,1.5
1.932476987408676,1.5
1.934424243598189,1.5
1.936042779308856,1.5
1.938096882816308,1.5
1.9403252712074464,1.5
1.9337521601483496,1.5
1.934923267147396,1.5
1.936158128367668,1.5
1.9382898180014223,1.5
1.9389654056471788,1.5
1.941068790849129,1.5
1.942934343006326,1.5
1.9450024828136392,1.5
1.9470378790228708,1.5
1.947968821376428,1.5
1.9497839719286627,1.5
1.949914769113941,1.5
1.950996445291452,1.5
1.9519455637791203,1.5
1.9539052823432856,1.5
1.955497123269078,1.5
1.95693955934873,1.5
1.95134210206072,1.5
1.9532947860202428,1.5
1.955159854588844,1.5
1.9568687757543748,1.5
1.9585982346769768,1.5
1.9595253013367884,1.5
1.960509384731208,1.5
1.9625727847865109,1.5
1.9640461791761727,1.5
1.96511570876809,1.5
1.967146786820409,1.5
1.9688799043430696,1.5
1.968930615212367,1.5
1.9704198017488967,1.5
1.9721120488358443,1.5
1.9740440545015563,1.5
1.975332961846616,1.5
1.956752341491394,1.5
1.9584683298695085,1.5
1.9604414241779595,1.5
1.9618234934940155,1.5
1.9638254567697275,1.5
1.959499015756456,1.5
1.961290078704032,1.5
1.963269346058712,1.5
1.964207926217807,1.5
1.9661248118455503,1.5
1.968158023135908,1.5
1.9699415058683527,1.5
1.9715215383322908,1.5
1.958469449086266,1.5
1.958290325458649,1.5
1.958216072904877,1.5
1.9600660935950471,1.5
1.9619099656422327,1.5
1.963761664491776,1.5
1.965697917809446,1.5
1.965799625353429,1.5
1.9676827298319663,1.5
1.968699647050848,1.5
1.970564749188511,1.5
1.9688799581916536,1.5
1.970720732042444,1.5
1.972373018528208,1.5
1.9741437714435008,1.5
1.9680149700170744,1.5
1.9698489199303488,1.5
1.971637930835012,1.5
1.9732750291030583,1.5
1.97063372634128,1.5
1.972494125059856,1.5
1.974412006199792,1.5
1.976231096007023,1.5
1.9779700381372824,1.5
1.9781194141873,1.5
1.978971640215936,1.5
1.980441554225654,1.5
1.9823129276391704,1.5
1.982595529840553,1.5
1.982042279815744,1.5
1.9820230539641763,1.5
1.9835034850657336,1.5
1.983748164217909,1.5
1.98557059135502,1.5
1.9874533978383824,1.5
1.98877949714276,1.5
1.9903760077516384,1.5
1.9917719604192463,1.5
1.98723132454594,1.5
1.9888906831042896,1.5
1.990603449902036,1.5
1.991971280755388,1.5
1.993586727824215,1.5
1.995217294357472,1.5
1.9970095733584408,1.5
1.997827393295954,1.5
1.9995435374713704,1.5
2.001128548220924,1.5
2.002698342734597,1.5
2.004475011903977,1.5
2.005958509997798,1.5
2.0071965217902457,1.5
2.0083722921836125,1.5
2.008559349401447,1.5
2.010244350490682,1.5
1.976933299295596,1.5
1.9746930768524924,1.5
1.9758399761968024,1.5
1.977568876561935,1.5
1.979187027302272,1.5
1.9804287478726728,1.5
1.9821031238098377,1.5
1.9836138282084164,1.5
1.985111162581892,1.5
1.9868244173246985,1.5
1.9871500930968249,1.5
1.9888417408593424,1.5
1.9882869954010955,1.5
1.9889538881944944,1.5
1.9895849158860088,1.5
1.9907768956152645,1.5
1.9923385859187448,1.5
1.98932342484668,1.5
1.9906644042662431,1.5
1.9917958922513184,1.5
1.993468003934961,1.5
1.989922532365159,1.5
1.9914128597975456,1.5
1.9927774216067584,1.5
1.994063799028186,1.5
1.995717815153371,1.5
1.9926843209087548,1.5
1.994271607964641,1.5
1.9957458554231653,1.5
1.993759994616896,1.5
1.995286834684752,1.5
1.9954292004258816,1.5
1.996341572246456,1.5
1.9971518861457944,1.5
1.9987435121590853,1.5
2.000276975742324,1.5
2.001287726063392,1.5
2.002584671545144,1.5
2.004073885213663,1.5
2.003561944344724,1.5
2.001954843443748,1.5
2.0024732312078903,1.5
2.0040269464787923,1.5
2.0055815455963013,1.5
2.004868569197444,1.5
2.006176271650958,1.5
2.007226653444433,1.5
2.0087251896912908,1.5
2.010198182327963,1.5
2.0070765345585886,1.5
2.0041202459988767,1.5
2.005504901909457,1.5
2.0026824650304724,1.5
2.001948544116804,1.5
2.0034927761282626,1.5
2.00423013072051,1.5
2.005605193272276,1.5
2.00701145661956,1.5
2.0081568368112777,1.5
2.008903597337961,1.5
2.0101922366861484,1.5
2.011557810076592,1.5
2.0123998053297347,1.5
2.0135648503167545,1.5
2.01506041584617,1.5
2.0162090427643378,1.5
2.0176010284578125,1.5
2.0190318673077137,1.5
2.0183808372055445,1.5
2.0192255795418297,1.5
2.019979198133877,1.5
2.0215510735575126,1.5
2.0230913540271707,1.5
2.024343082489857,1.5
2.025758828597451,1.5
2.0229125081946293,1.5
2.0222204481059847,1.5
2.023470387455355,1.5
2.0249655066639782,1.5
2.025671411688626,1.5
2.027020981267712,1.5
2.028520885991083,1.5
2.029992358244328,1.5
2.031499525531758,1.5
2.032968413669733,1.5
2.0343833053804463,1.5
2.035727099895056,1.5
2.0364732730450608,1.5
2.036516990774752,1.5
2.0373744975695933,1.5
2.038202937082276,1.5
2.039605209130084,1.5
2.0410665290984924,1.5
2.041723984857457,1.5
2.036778596841036,1.5
2.038179600200863,1.5
2.0393205669117966,1.5
2.0336731992804844,1.5
2.035037204879663,1.5
2.0356354874152727,1.5
2.0369399060787563,1.5
2.038137585037179,1.5
2.0376829978223,1.5
2.039025844716737,1.5
2.0403978089045194,1.5
2.041087136870821,1.5
2.041525997857508,1.5
2.0429388448311148,1.5
2.0443506208804045,1.5
2.0453151384270307,1.5
2.04647545944061,1.5
2.0477437915524126,1.5
2.0483971703838546,1.5
2.049785370245058,1.5
2.04932359237537,1.5
2.05056878625624,1.5
2.051934495129575,1.5
2.0518826996478685,1.5
2.0524857645691,1.5
2.053833566002548,1.5
2.05461285127731,1.5
2.054412890399944,1.5
2.055740968489119,1.5
2.0556063647132623,1.5
2.056960815748926,1.5
2.0559458834273765,1.5
2.056129104860076,1.5
2.057135808253406,1.5
2.0574087803192675,1.5
2.058741684594635,1.5
2.059361310639227,1.5
2.060887238286464,1.5
2.061539528237116,1.5
2.0626575220270804,1.5
2.0639732107416804,1.5
2.064692413827354,1.5
2.0660039365647425,1.5
2.0674013520802874,1.5
2.068674218656108,1.5
2.069855829645058,1.5
2.0712870492973523,1.5
2.072621192735799,1.5
2.073848231997218,1.5
2.07461774116025,1.5
2.0759871348302616,1.5
2.0772726749686146,1.5
2.077432902761603,1.5
2.075309578856029,1.5
2.071412935515484,1.5
2.071829953347256,1.5
2.0724029216268907,1.5
2.0736976050523235,1.5
2.0746281740793533,1.5
2.075950573201353,1.5
2.0772407655345155,1.5
2.0782401624840148,1.5
2.077016489594453,1.5
2.077305031139034,1.5
2.077982477214322,1.5
2.078915065989275,1.5
2.0802324150870333,1.5
2.081357723985701,1.5
2.082386708168587,1.5
2.083589197373185,1.5
2.084877916548787,1.5
2.0839134987310857,1.5
2.084912612568406,1.5
2.086109457030338,1.5
2.0865197374360824,1.5
2.086174895049229,1.5
2.087216594580214,1.5
2.088299943005931,1.5
2.089504676229945,1.5
2.0907822788197,1.5
2.092093795194083,1.5
2.093243960655032,1.5
2.094547019241094,1.5
2.094667072873916,1.5
2.0957404772179964,1.5
2.0970246687761307,1.5
2.0982882847191604,1.5
2.097590424161349,1.5
2.0989013651780044,1.5
2.099422278947386,1.5
2.100546790040801,1.5
2.1015631675274165,1.5
2.0823772918197725,1.5
2.083244661817364,1.5
2.0835079847697955,1.5
2.0847976005566564,1.5
2.0860805272579155,1.5
2.087363335132818,1.5
2.087752079321308,1.5
2.089026258935297,1.5
2.0903324696269188,1.5
2.0915650292729726,1.5
2.0928216898901373,1.5
2.0940552560698693,1.5
2.0953113265267334,1.5
2.095693119370176,1.5
2.096746029831896,1.5
2.0973718142846445,1.5
2.0985829153330124,1.5
2.099605439803456,1.5
2.100595752467404,1.5
2.1018635237072227,1.5
2.103031384108859,1.5
2.103823986272934,1.5
2.1050406883029065,1.5
2.1062342425246463,1.5
2.107425319602849,1.5
2.107956147808176,1.5
2.109153819755906,1.5
2.1103351694162336,1.5
2.111419692136938,1.5
2.1074548396530863,1.5
2.108442621202718,1.5
2.1096105555333096,1.5
2.110780984515793,1.5
2.112020978474052,1.5
2.1132346923385006,1.5
2.1144777563792414,1.5
2.103529106420911,1.5
2.102243595707595,1.5
2.1034213268577147,1.5
2.1013418117126195,1.5
2.1024574378300884,1.5
2.103326514527836,1.5
2.1044081381432043,1.5
2.103739515985154,1.5
2.104629543839001,1.5
2.10576438358134,1.5
2.106842815257377,1.5
2.1065342122574817,1.5
2.107316961498116,1.5
2.107671561870511,1.5
2.1080747518754843,1.5
2.109224021602577,1.5
2.11024910421894,1.5
2.1112242133430144,1.5
2.1115140015002347,1.5
2.1126342412966523,1.5
2.113704582939795,1.5
2.113453082961241,1.5
2.114618866576391,1.5
2.1152977813969382,1.5
2.115842638148612,1.5
2.116392641816072,1.5
2.117477278174136,1.5
2.1184688512659,1.5
2.117314452423824,1.5
2.1184068318053257,1.5
2.115611542738365,1.5
2.1163190395226694,1.5
2.117430759614719,1.5
2.117600244286092,1.5
2.118121505835454,1.5
2.119228234876621,1.5
2.1142464190647625,1.5
2.115388104250463,1.5
2.1155669690667898,1.5
2.116021332167449,1.5
2.117159766731294,1.5
2.1182901143526585,1.5
2.118974808168536,1.5
2.119770679415662,1.5
2.1207887563669674,1.5
2.1200204202588777,1.5
2.120868955611122,1.5
2.121872441707679,1.5
2.122982994796678,1.5
2.124018980987051,1.5
2.125137499276149,1.5
2.125901149042624,1.5
2.127049968068349,1.5
2.1279940376159945,1.5
2.1271537240840845,1.5
2.127760485863727,1.5
2.1288245677891195,1.5
2.129887241632623,1.5
2.1305899456924293,1.5
2.1295548605522603,1.5
2.1302062015378307,1.5
2.13131978323514,1.5
2.132402539943436,1.5
2.1333786341405965,1.5
2.1344374490609086,1.5
2.1355382575761945,1.5
2.136491577897296,1.5
2.1370539756126674,1.5
2.1353335704477057,1.5
2.135988811877572,1.5
2.1371227960120547,1.5
2.137584810292533,1.5
2.137271899929768,1.5
2.137654845399212,1.5
2.1386885415970207,1.5
2.139807185143151,1.5
2.140834794591159,1.5
2.141952035333092,1.5
2.1426663381762268,1.5
2.1425410464029806,1.5
2.143081424649545,1.5
2.144075987736296,1.5
2.14410502415201,1.5
2.1436987727289343,1.5
2.1438764692099195,1.5
2.144848023323957,1.5
2.145961967261038,1.5
2.1468500597423863,1.5
2.140128685306478,1.5
2.140942363630092,1.5
2.14044971190863,1.5
2.1413891742818265,1.5
2.1424091453897485,1.5
2.1434504466433646,1.5
2.144507691528294,1.5
2.143358634533029,1.5
2.1443189363482142,1.5
2.1453591742624742,1.5
2.1457671072594016,1.5
2.1465377138365924,1.5
2.1476098761132563,1.5
2.144780139593782,1.5
2.145735408889869,1.5
2.146730579215289,1.5
2.147749737974636,1.5
2.1467935473460624,1.5
2.143475034186281,1.5
2.133478027543961,1.5
2.134027142747348,1.5
2.135027681132684,1.5
2.136069823150657,1.5
2.1371169006425887,1.5
2.137948033762913,1.5
2.135562962555202,1.5
2.136587982354436,1.5
2.137616358602212,1.5
2.1376877071395874,1.5
2.138240965054268,1.5
2.139297603211068,1.5
2.1401056610732527,1.5
2.1410695633327808,1.5
2.1413873107398405,1.5
2.142427637816377,1.5
2.1417094984895386,1.5
2.1424885826381623,1.5
2.143399395058383,1.5
2.1442983319892184,1.5
2.1453126823505544,1.5
2.1461579414545766,1.5
2.1471094055608577,1.5
2.134035805327337,1.5
2.134369178640164,1.5
2.135389996419204,1.5
2.1358861335484667,1.5
2.136752795022474,1.5
2.137784042846888,1.5
2.138774262191414,1.5
2.1395837027652367,1.5
2.140370765459525,1.5
2.141013773853646,1.5
2.141730151249304,1.5
2.14033539288952,1.5
2.1321393578026755,1.5
2.1312840565198523,1.5
2.130499933869679,1.5
2.125941131242541,1.5
2.126845211797335,1.5
2.1269217010720745,1.5
2.127882783196182,1.5
2.128876296495591,1.5
2.128962870159304,1.5
2.1298131354424,1.5
2.130443241474535,1.5
2.13076155578319,1.5
2.13172000480163,1.5
2.1321373456839394,1.5
2.133061030700649,1.5
2.133863887273847,1.5
2.1330501537847444,1.5
2.1334899604833018,1.5
2.134395594024705,1.5
2.1353888428941965,1.5
2.136295800537231,1.5
2.1371904324043416,1.5
2.138184092760701,1.5
2.1390981178159425,1.5
2.1360324738547973,1.5
2.13699978744247,1.5
2.1377387642683146,1.5
2.1386938234622384,1.5
2.137774296073491,1.5
2.138473329821893,1.5
2.1386467029523666,1.5
2.1396183095878456,1.5
2.140594274306575,1.5
2.141529491504145,1.5
2.142399694858002,1.5
2.1432469037105584,1.5
2.143868304024685,1.5
2.1446761772482805,1.5
2.1446045385268606,1.5
2.145425315480598,1.5
2.1441708699251616,1.5
2.143295209243248,1.5
2.1439187284987176,1.5
2.1447819259114334,1.5
2.1457471411899194,1.5
2.146298006221904,1.5
2.1468374412528624,1.5
2.1477628526995454,1.5
2.147988970533724,1.5
2.1488511809521964,1.5
2.1497394621607064,1.5
2.150647146118178,1.5
2.1513304515631937,1.5
2.152284152903881,1.5
2.1526177891514044,1.5
2.153539979011396,1.5
2.1521509856463346,1.5
2.1530351725154886,1.5
2.1534394214742414,1.5
2.154323953818519,1.5
2.155268719688197,1.5
2.1502763901307635,1.5
2.15098070496925,1.5
2.151836069050943,1.5
2.1527603945537,1.5
2.1537122268947875,1.5
2.154641260151545,1.5
2.1555253940069763,1.5
2.1564413831534024,1.5
2.156847824611293,1.5
2.15778121413562,1.5
2.158727312833441,1.5
2.1596637946951693,1.5
2.1605225432154964,1.5
2.1613815958574203,1.5
2.1621741356854205,1.5
2.1592857607378693,1.5
2.160020358087296,1.5
2.1590920509035563,1.5
2.159983400589185,1.5
2.160917395636839,1.5
2.161845124980871,1.5
2.1626838435469447,1.5
2.1632894396643887,1.5
2.164223760582183,1.5
2.16502549078917,1.5
2.165656725416328,1.5
2.166504870195889,1.5
2.1674247800736604,1.5
2.1682573414362167,1.5
2.168782066987037,1.5
2.168865864914041,1.5
2.1681829389702783,1.5
2.169101397167217,1.5
2.169906052725908,1.5
2.170349367506116,1.5
2.1711131593036668,1.5
2.1716337387984983,1.5
2.172560488467749,1.5
2.173109808974125,1.5
2.17385537769174,1.5
2.1724747989657947,1.5
2.1733571201923305,1.5
2.1742197731340136,1.5
2.1751379202035834,1.5
2.1759980055197943,1.5
2.176527207132584,1.5
2.1772776851495017,1.5
2.1772417757776084,1.5
2.177531116142738,1.5
2.1784943731050053,1.5
2.179111236394358,1.5
2.18001996133353,1.5
2.180661577810476,1.5
2.1794763944522058,1.5
2.180252450446285,1.5
2.1811062188085715,1.5
2.181997133569091,1.5
2.182139864329503,1.5
2.182990499920282,1.5
2.183880421878592,1.5
2.1847340532233948,1.5
2.185627397834097,1.5
2.186350651833369,1.5
2.18723811233882,1.5
2.1866338163626646,1.5
2.187411721374451,1.5
2.188244354016708,1.5
2.189098324010934,1.5
2.189838413284316,1.5
2.190596423954999,1.5
2.189812687740217,1.5
2.190698086326431,1.5
2.1914190935802007,1.5
2.192101455623614,1.5
2.192906937396739,1.5
2.193791232177209,1.5
2.191258426362934,1.5
2.192016899867129,1.5
2.1922517426200936,1.5
2.1931061988061047,1.5
2.193887175142964,1.5
2.194774261610459,1.5
2.195662955991831,1.5
2.1965447950210333,1.5
2.197375816337185,1.5
2.197128219068019,1.5
2.198006785565891,1.5
2.1988482654051067,1.5
2.1994132010403344,1.5
2.199822992346921,1.5
2.2006898451060466,1.5
2.201210912102951,1.5
2.1904417380897123,1.5
2.1912765452429115,1.5
2.1921437754684687,1.5
2.192275120297253,1.5
2.1918140167165365,1.5
2.19267621190559,1.5
2.1916800219471133,1.5
2.19251472684714,1.5
2.1924414355456245,1.5
2.1931749945178405,1.5
2.1939356249198307,1.5
2.193038900749614,1.5
2.1938089465017843,1.5
2.1921116952096384,1.5
2.192407145068912,1.5
2.192361745528757,1.5
2.1930820765136723,1.5
2.193858908417742,1.5
2.194685676615679,1.5
2.195477387883226,1.5
2.196316090211932,1.5
2.197065766862997,1.5
2.1970176573625504,1.5
2.197837770411464,1.5
2.1986860526034864,1.5
2.198168738716659,1.5
2.199020647836423,1.5
2.199684133864125,1.5
2.20036522119268,1.5
2.201124120258975,1.5
2.20151251341704,1.5
2.2018329921728594,1.5
2.2013671629488294,1.5
2.202156653203088,1.5
2.202272995010441,1.5
2.2030808175030945,1.5
2.197250210327617,1.5
2.197986159490768,1.5
2.198839994839351,1.5
2.198280613633272,1.5
2.1990101062041565,1.5
2.199853593590646,1.5
2.2005063319060696,1.5
2.201341392097941,1.5
2.195408052644164,1.5
2.196023001551865,1.5
2.196855938439315,1.5
2.1968085234306103,1.5
2.1976270855563422,1.5
2.1984130719860544,1.5
2.1991323054528147,1.5
2.1988876954120395,1.5
2.1995095226461423,1.5
2.2003247620101125,1.5
2.2010780934216485,1.5
2.2018888894896174,1.5
2.202713477873377,1.5
2.203472982551678,1.5
2.204287288020129,1.5
2.204656849552596,1.5
2.205360126297313,1.5
2.2059962110480136,1.5
2.2068015663327545,1.5
2.2074717568699045,1.5
2.208164685958187,1.5
2.208969390823933,1.5
2.2097646967013405,1.5
2.21048077453846,1.5
2.208061856239363,1.5
2.2088235406655707,1.5
2.209565342707186,1.5
2.209025492661691,1.5
2.209686739010773,1.5
2.210399795566282,1.5
2.2109584877008133,1.5
2.211696797582371,1.5
2.212490422270851,1.5
2.213262654735355,1.5
2.2136725170205964,1.5
2.2144144769713656,1.5
2.215211717262,1.5
2.2158666659877846,1.5
2.216477817654638,1.5
2.217104650381716,1.5
2.2178113441510487,1.5
2.2185799220055715,1.5
2.219385661209326,1.5
2.2201889540307373,1.5
2.220912604173648,1.5
2.2217112788895044,1.5
2.2221066375092136,1.5
2.219486048127799,1.5
2.220228325310748,1.5
2.221026302515345,1.5
2.221669004068068,1.5
2.2224312651796,1.5
2.223207845945703,1.5
2.2237916355406493,1.5
2.223963566457784,1.5
2.22467771614501,1.5
2.2244312602281413,1.5
2.2252194857496503,1.5
2.226000039663424,1.5
2.226742472598584,1.5
2.227504990435959,1.5
2.228282529889226,1.5
2.2288609884250024,1.5
2.229616812266311,1.5
2.229510023730445,1.5
2.2302713313613705,1.5
2.2305355790807417,1.5
2.231258210817742,1.5
2.2314648411521434,1.5
2.231701913484998,1.5
2.231794390735142,1.5
2.230923975532834,1.5
2.226981026243989,1.5
2.2277466177529632,1.5
2.2283377396045805,1.5
2.228878808876221,1.5
2.220666250975059,1.5
2.221377625736605,1.5
2.222146129991656,1.5
2.222923376294354,1.5
2.2236999780520543,1.5
2.224460009057578,1.5
2.224512341142616,1.5
2.225222437764462,1.5
2.2258119440363573,1.5
2.2256457724569243,1.5
2.2264037008702497,1.5
2.225755772091448,1.5
2.226521894811337,1.5
2.22719880275614,1.5
2.2276354937059746,1.5
2.2282391529914647,1.5
2.228926506731033,1.5
2.229657671707498,1.5
2.23041619288814,1.5
2.2302217323006115,1.5
2.230948141862553,1.5
2.22368820247174,1.5
2.2244402082767496,1.5
2.2249833085283144,1.5
2.2257291597881457,1.5
2.2264125360955385,1.5
2.2271429658296493,1.5
2.227524071904309,1.5
2.2271815250196303,1.5
2.2275780783953243,1.5
2.228243373193318,1.5
2.2287779816961804,1.5
2.2295283473510903,1.5
2.2302877909343057,1.5
2.2309912352545407,1.5
2.231147636683392,1.5
2.231735158488149,1.5
2.2324770468375297,1.5
2.230325750723966,1.5
2.23099343409961,1.5
2.2309347715136107,1.5
2.2310786836088505,1.5
2.2282880776578096,1.5
2.229016617149795,1.5
2.228901657972415,1.5
2.229620937861394,1.5
2.2303292586147747,1.5
2.230943055167628,1.5
2.2316926498813072,1.5
2.232445149886098,1.5
2.233146187457088,1.5
2.232962606043637,1.5
2.233529233847137,1.5
2.232768526477845,1.5
2.233471455868244,1.5
2.2340843091740608,1.5
2.2347570443119418,1.5
2.235453994871265,1.5
2.236134038318287,1.5
2.2368072782220425,1.5
2.237384024298229,1.5
2.238068941262295,1.5
2.238286764628458,1.5
2.2389546941381075,1.5
2.2396815898371587,1.5
2.2404128126974503,1.5
2.2368334942851686,1.5
2.2332427471001584,1.5
2.2304928061030487,1.5
2.2312272333423526,1.5
2.229907284476052,1.5
2.230638051176447,1.5
2.2291691245557144,1.5
2.2271866888637315,1.5
2.227910146501387,1.5
2.22852257956439,1.5
2.224541473984662,1.5
2.225248942700605,1.5
2.225714025400494,1.5
2.225988189767013,1.5
2.2267055745166457,1.5
2.2274007212002065,1.5
2.2281253443961333,1.5
2.226652444397012,1.5
2.227350665755296,1.5
2.227945529380876,1.5
2.228560217744441,1.5
2.2292190793044435,1.5
2.229357266735949,1.5
2.229533679980971,1.5
2.229418293407628,1.5
2.2291432814568624,1.5
2.2298228156643405,1.5
2.229950457812892,1.5
2.229740938202605,1.5
2.230360341560909,1.5
2.230979767881234,1.5
2.231588325434376,1.5
2.232288836212454,1.5
2.2315594727805816,1.5
2.2322581526664704,1.5
2.232851094788163,1.5
2.2335588523961984,1.5
2.23385971555494,1.5
2.234518863326536,1.5
2.235228892140276,1.5
2.235866820890428,1.5
2.2363935757717064,1.5
2.237059476291317,1.5
2.237712406791518,1.5
2.238153922763838,1.5
2.23850270131805,1.5
2.239200524726568,1.5
2.239899776064238,1.5
2.240248006905158,1.5
2.24093526206327,1.5
2.241635019936885,1.5
2.242342442974965,1.5
2.2427094091266406,1.5
2.243415470845429,1.5
2.244093935655583,1.5
2.2437003586710023,1.5
2.2438651391618505,1.5
2.24456915927691,1.5
2.244004438773078,1.5
2.244699302540441,1.5
2.245386827640629,1.5
2.246089352260769,1.5
2.2467776472939005,1.5
2.2474554475803,1.5
2.2481377194513668,1.5
2.248778409702441,1.5
2.2494644157680463,1.5
2.2501665638199406,1.5
2.250688896452273,1.5
2.251393633722364,1.5
2.2508699679070765,1.5
2.2511604695670857,1.5
2.251856128736499,1.5
2.252343997161146,1.5
2.252967623545919,1.5
2.2535720370669976,1.5
2.254252362420176,1.5
2.2548998726343923,1.5
2.2553991407526293,1.5
2.251072125297143,1.5
2.25176606778319,1.5
2.2524154681368325,1.5
2.2530910137703724,1.5
2.2537823326326336,1.5
2.254396892426749,1.5
2.254353743893201,1.5
2.255043936676984,1.5
2.255733411534827,1.5
2.256417140104192,1.5
2.2564913161312647,1.5
2.257002482778544,1.5
2.256930846868713,1.5
2.257594722918311,1.5
2.258117926162009,1.5
2.258730507102883,1.5
2.259337869393692,1.5
2.2598651176265,1.5
2.2603642118304474,1.5
2.261039783298981,1.5
2.261144505928879,1.5
2.261765667261428,1.5
2.262399933067321,1.5
2.2625974859414675,1.5
2.2632340206381807,1.5
2.2636525940578003,1.5
2.2641834608841886,1.5
2.264749174417636,1.5
2.2653509100000293,1.5
2.265897038642448,1.5
2.266116642444736,1.5
2.2617133170522363,1.5
2.262305673648653,1.5
2.2629055399965847,1.5
2.2634747384232585,1.5
2.263988973904279,1.5
2.26448503111655,1.5
2.265134082587567,1.5
2.2657508266347484,1.5
2.2664140383981226,1.5
2.2670180927529016,1.5
2.26724791351787,1.5
2.267788675621422,1.5
2.2683513137606424,1.5
2.26893830059596,1.5
2.269517970310991,1.5
2.270141812559586,1.5
2.270747349282974,1.5
2.271255005219605,1.5
2.2717611701851115,1.5
2.272368578964213,1.5
2.272944857252936,1.5
2.2733661302181774,1.5
2.27401404879762,1.5
2.2707390480276195,1.5
2.2712783282125923,1.5
2.2719355179454648,1.5
2.272492078741009,1.5
2.273134873110696,1.5
2.2735104271393283,1.5
2.2736082843009955,1.5
2.274249006854068,1.5
2.274912010809064,1.5
2.2755654008974084,1.5
2.276229106219635,1.5
2.276861633080044,1.5
2.277527053761483,1.5
2.277785826042376,1.5
2.278424282489073,1.5
2.279083556158755,1.5
2.279130803835897,1.5
2.2795756854983447,1.5
2.2802038496798795,1.5
2.275799519618317,1.5
2.275992815266722,1.5
2.276004117791554,1.5
2.2761680726455,1.5
2.276824771300335,1.5
2.2773801755933287,1.5
2.2775506946574904,1.5
2.277548107458094,1.5
2.2781630307261413,1.5
2.278717180917696,1.5
2.279353101893788,1.5
2.27992804506519,1.5
2.2805595896304287,1.5
2.281146467144676,1.5
2.2814874065974777,1.5
2.282127614324205,1.5
2.282740175046716,1.5
2.2833748870298862,1.5
2.2839918809251656,1.5
2.284545755336275,1.5
2.285066441349264,1.5
2.2857077756438646,1.5
2.286315632727733,1.5
2.286965286497632,1.5
2.2870426163845647,1.5
2.287381767525986,1.5
2.287709811330081,1.5
2.287228003721305,1.5
2.2877518323435795,1.5
2.28838473411389,1.5
2.2890147157539813,1.5
2.289656341611595,1.5
2.290258990644634,1.5
2.2907350374299065,1.5
2.2912002885360767,1.5
2.2917477367253376,1.5
2.292231669721357,1.5
2.292867884457638,1.5
2.2934344023489346,1.5
2.294030018465417,1.5
2.29438021679774,1.5
2.294887590730476,1.5
2.295442997419927,1.5
2.2960796504229264,1.5
2.2967097177370888,1.5
2.297061638413734,1.5
2.2975141010772635,1.5
2.298069565964097,1.5
2.298649411321,1.5
2.298843196428914,1.5
2.299474285692573,1.5
2.2999429486478378,1.5
2.3005698658033005,1.5
2.3010965268650128,1.5
2.3008052350862216,1.5
2.301300014782126,1.5
2.3018954316300486,1.5
2.3025345017393133,1.5
2.3031811451273088,1.5
2.303270842292036,1.5
2.303836300311091,1.5
2.304432727564093,1.5
2.305057432171014,1.5
2.305530203535185,1.5
2.305978844454371,1.5
2.306522188337093,1.5
2.3071555611777,1.5
2.3077031148857,1.5
2.307728907827719,1.5
2.308295338612173,1.5
2.308864795996364,1.5
2.3092365244054767,1.5
2.3069340307094386,1.5
2.307562877226161,1.5
2.3081939867856787,1.5
2.308819862531207,1.5
2.3094071396267752,1.5
2.310003046175084,1.5
2.3106197833872253,1.5
2.3112088229074685,1.5
2.311836809588035,1.5
2.312461824359209,1.5
2.312207323011196,1.5
2.31279034965269,1.5
2.313362841325552,1.5
2.3139802071420235,1.5
2.314229981630825,1.5
2.314774490453422,1.5
2.3153152135033204,1.5
2.31592380016025,1.5
2.316399942099713,1.5
2.31698813958385,1.5
2.3176106973724147,1.5
2.3181355524421177,1.5
2.318760193572585,1.5
2.319343617378496,1.5
2.319836593973263,1.5
2.32041946991264,1.5
2.321034090625933,1.5
2.321647604284112,1.5
2.3222185195228486,1.5
2.322415101015687,1.5
2.322612616707196,1.5
2.323154488780923,1.5
2.323448002259566,1.5
2.322493620380216,1.5
2.3231034526626466,1.5
2.3236298162452407,1.5
2.3239386676554643,1.5
2.323597234872228,1.5
2.324084238948474,1.5
2.32461829884054,1.5
2.3252045055534856,1.5
2.3256544196529125,1.5
2.325561174126942,1.5
2.3261710951970014,1.5
2.326776878539088,1.5
2.3255298588240314,1.5
2.326078906896198,1.5
2.325876192009128,1.5
2.326359248399593,1.5
2.326853577312358,1.5
2.3263067513820124,1.5
2.3269131605768205,1.5
2.3274803471208783,1.5
2.327523803827224,1.5
2.32796439834576,1.5
2.328545468690686,1.5
2.3291304381267897,1.5
2.329633487359717,1.5
2.3284891628432054,1.5
2.328981999731889,1.5
2.329585227315828,1.5
2.3301435172010385,1.5
2.3306367146652978,1.5
2.329215534793648,1.5
2.3296383501303315,1.5
2.330199831446207,1.5
2.3307716169442663,1.5
2.331054054349329,1.5
2.3316600779192265,1.5
2.330372062851568,1.5
2.3306902304003723,1.5
2.3310274135124667,1.5
2.33155086399176,1.5
2.332000288215665,1.5
2.332545163224188,1.5
2.333125055792147,1.5
2.331863829677013,1.5
2.332435400302376,1.5
2.3329675369224967,1.5
2.3335675964795386,1.5
2.3300375795293915,1.5
2.3305673018255697,1.5
2.3311397710017143,1.5
2.3317382014653285,1.5
2.3322937091135905,1.5
2.3327754793250213,1.5
2.33332351153951,1.5
2.332354117644363,1.5
2.3329504490170745,1.5
2.3334787904327645,1.5
2.3337611004488865,1.5
2.3343260760884608,1.5
2.33359561847818,1.5
2.3341676533598354,1.5
2.3347397642668906,1.5
2.335236658398589,1.5
2.3356149688582533,1.5
2.334732511161836,1.5
2.3347625023525262,1.5
2.335326660810149,1.5
2.335911174139559,1.5
2.336406552007228,1.5
2.336997003970626,1.5
2.337554845511653,1.5
2.3381480617146737,1.5
2.3387204743830896,1.5
2.3390641286419203,1.5
2.3395662076480828,1.5
2.3399129383379225,1.5
2.3396667001312763,1.5
2.340148685943057,1.5
2.340683118001412,1.5
2.341236390933863,1.5
2.341812432551021,1.5
2.342330627126884,1.5
2.342830270769159,1.5
2.3428973744420043,1.5
2.3429624471298856,1.5
2.3429249389561204,1.5
2.343481573077064,1.5
2.3440674557521053,1.5
2.3446296035090675,1.5
2.3448618393041105,1.5
2.345413924073763,1.5
2.3453890344973507,1.5
2.345750643130095,1.5
2.346332558144389,1.5
2.346604346747938,1.5
2.3468113715224286,1.5
2.3472702177287976,1.5
2.347850140783277,1.5
2.34838802634566,1.5
2.3489653948189706,1.5
2.3494095646885365,1.5
2.349936717450326,1.5
2.3504796388747446,1.5
2.350871181088347,1.5
2.351112220376003,1.5
2.3516759144467985,1.5
2.3468624763473804,1.5
2.3472687319072336,1.5
2.3477368890464927,1.5
2.348273619522071,1.5
2.346059586106892,1.5
2.346617431275163,1.5
2.347144561642158,1.5
2.347658990846561,1.5
2.3473933520647594,1.5
2.3479511652895093,1.5
2.3485267301489605,1.5
2.347954159836545,1.5
2.3484495900210085,1.5
2.349005079854039,1.5
2.349515063656593,1.5
2.3500137044103604,1.5
2.350584749044955,1.5
2.350994037116892,1.5
2.3507015121653323,1.5
2.35124369910174,1.5
2.351662864449342,1.5
2.3522271172509366,1.5
2.352781680553327,1.5
2.3533259669676565,1.5
2.353722164394491,1.5
2.3539860904245566,1.5
2.3545502042841333,1.5
2.3549540828784634,1.5
2.355516990698673,1.5
2.35563341273979,1.5
2.355776646227025,1.5
2.35571956816848,1.5
2.355890985559753,1.5
2.356453279651245,1.5
2.3568360311203804,1.5
2.357402351403472,1.5
2.3576830926089607,1.5
2.3581245633634342,1.5
2.358684378017226,1.5
2.358873499633128,1.5
2.3593275115745738,1.5
2.3598517468385003,1.5
2.360345524190795,1.5
2.359096548992647,1.5
2.3589058510891934,1.5
2.359471252388758,1.5
2.359832653333949,1.5
2.3603880018213643,1.5
2.3608828399199613,1.5
2.36138250552328,1.5
2.361836378907764,1.5
2.3620463707034043,1.5
2.362224933278591,1.5
2.362316590626289,1.5
2.3628494616710194,1.5
2.3634113097884213,1.5
2.363968051753056,1.5
2.3645210995485684,1.5
2.365079781175198,1.5
2.365514204113914,1.5
2.366072695608038,1.5
2.366265406361577,1.5
2.366694712009404,1.5
2.3669664283545315,1.5
2.3673446386931527,1.5
2.367875498645418,1.5
2.368435431835138,1.5
2.368873986478297,1.5
2.369411046765255,1.5
2.3698695855858074,1.5
2.370392303474097,1.5
2.3709493522322846,1.5
2.3714675258521645,1.5
2.3720002583785416,1.5
2.372404414153643,1.5
2.3729550512639648,1.5
2.3734773717758606,1.5
2.3739809427826706,1.5
2.374437880726305,1.5
2.374678866789191,1.5
2.374550475326654,1.5
2.3747142783017074,1.5
2.375245362981432,1.5
2.3756834572301204,1.5
2.375887193841088,1.5
2.3763966180501384,1.5
2.376920701789114,1.5
2.377393060029314,1.5
2.3777932562822097,1.5
2.378337034835338,1.5
2.378785249470873,1.5
2.379327551784858,1.5
2.37973177419826,1.5
2.380225292724288,1.5
2.380646605414232,1.5
2.38118194210752,1.5
2.381692302725725,1.5
2.381976972748072,1.5
2.380723586764996,1.5
2.380753962773882,1.5
2.3777519465648536,1.5
2.3780812106701075,1.5
2.3777427527179125,1.5
2.377781051776333,1.5
2.378310282001052,1.5
2.3785463737689483,1.5
2.3790900463361715,1.5
2.379635377491692,1.5
2.380178889941944,1.5
2.3806630785897767,1.5
2.381174793250884,1.5
2.3816674349637874,1.5
2.3809369193511016,1.5
2.38119846485307,1.5
2.381724439564413,1.5
2.382267378106559,1.5
2.382807389804556,1.5
2.383341376905048,1.5
2.383807861422422,1.5
2.384320701195557,1.5
2.384848224106561,1.5
2.385278446276132,1.5
2.385805279350674,1.5
2.3863328754180992,1.5
2.3866005582761938,1.5
2.3844251065123667,1.5
2.3849045524331687,1.5
2.3853489961411727,1.5
2.385890079010036,1.5
2.386430448409796,1.5
2.386971172812531,1.5
2.3874775738157954,1.5
2.3878071851942813,1.5
2.388297125259616,1.5
2.3887832029175007,1.5
2.38931459729128,1.5
2.389834744941792,1.5
2.389074339268335,1.5
2.3896031236185635,1.5
2.390139708469569,1.5
2.3906392353715105,1.5
2.3909117762215035,1.5
2.391464727512666,1.5
2.391999781376707,1.5
2.392482556184051,1.5
2.3930034478485145,1.5
2.393538609344245,1.5
2.3939694522984727,1.5
2.3945010518619707,1.5
2.3950314802985635,1.5
2.395552748448074,1.5
2.39595243311956,1.5
2.3914368077422625,1.5
2.391882246767356,1.5
2.392296228005093,1.5
2.3921642388715334,1.5
2.392670056250299,1.5
2.393172202881328,1.5
2.393665204632226,1.5
2.394172449919483,1.5
2.394675131521275,1.5
2.395204419807909,1.5
2.3955949919621813,1.5
2.39611479395268,1.5
2.3961771557141027,1.5
2.39659782123454,1.5
2.397011930279012,1.5
2.3961504739436976,1.5
2.396410237937676,1.5
2.396902062990097,1.5
2.397076674877632,1.5
2.3975660272594723,1.5
2.39808971135761,1.5
2.3986117305963828,1.5
2.3990405971912816,1.5
2.399533489965784,1.5
2.399002210005064,1.5
2.39947315400004,1.5
2.399911969988433,1.5
2.400243454684728,1.5
2.400088768453918,1.5
2.4004319209047025,1.5
2.4009288137051006,1.5
2.401386410954312,1.5
2.4018984433868846,1.5
2.402395769108794,1.5
2.4027062587786663,1.5
2.40307986328703,1.5
2.403569022988654,1.5
2.404082403792805,1.5
2.4045929148902587,1.5
2.4051108112013075,1.5
2.4056270613001502,1.5
2.406113890114162,1.5
2.40618689630652,1.5
2.406694172681995,1.5
2.40721675594482,1.5
2.4075943611124893,1.5
2.4081141658359595,1.5
2.408609852141029,1.5
2.409120136301973,1.5
2.409636112785757,1.5
2.410134994916294,1.5
2.410653465424329,1.5
2.410488113423692,1.5
2.410808060766638,1.5
2.4113225462679893,1.5
2.4114884412229287,1.5
2.411902100044366,1.5
2.412010356956907,1.5
2.412357538312194,1.5
2.4128685430886128,1.5
2.4133857409866226,1.5
2.413540970158268,1.5
2.4135914581344977,1.5
2.4141075992291507,1.5
2.414553290638622,1.5
2.414910326240913,1.5
2.4154104409938,1.5
2.415795444997024,1.5
2.416300305388801,1.5
2.416767877308542,1.5
2.416863914976244,1.5
2.41676848248022,1.5
2.4172675250995925,1.5
2.4177707724749737,1.5
2.4182730007931745,1.5
2.418659876603613,1.5
2.4191746232367843,1.5
2.4195660481412893,1.5
2.420067874882239,1.5
2.420548566622221,1.5
2.420989619360292,1.5
2.420405256537527,1.5
2.420915132407923,1.5
2.4213903322307213,1.5
2.421889647092214,1.5
2.422394441201132,1.5
2.4225190110400017,1.5
2.42300753340653,1.5
2.4234940899773214,1.5
2.4239938334998703,1.5
2.4230661404250435,1.5
2.42356531243812,1.5
2.4239488585881075,1.5
2.4244380440029203,1.5
2.424909448631596,1.5
2.425348744772532,1.5
2.425678739059393,1.5
2.426140902841877,1.5
2.4265969389086584,1.5
2.427085590215174,1.5
2.4273685127243003,1.5
2.4257053339608725,1.5
2.4262014735435447,1.5
2.426615759427748,1.5
2.4270262751159963,1.5
2.4272154592206165,1.5
2.427551676525036,1.5
2.428042637682648,1.5
2.4285280660254664,1.5
2.4289786294529283,1.5
2.4288721125005424,1.5
2.429290655014744,1.5
2.429035487645796,1.5
2.429473403306025,1.5
2.4299662269707176,1.5
2.430462098573248,1.5
2.429713995143715,1.5
2.4300690377519025,1.5
2.4305627056087498,1.5
2.430959029727565,1.5
2.431443287929294,1.5
2.4319118906125285,1.5
2.432382187529147,1.5
2.4328475895262858,1.5
2.4333303224232736,1.5
2.4337551315666275,1.5
2.434227273534168,1.5
2.434395547046821,1.5
2.434336299239606,1.5
2.4347587164902325,1.5
2.435120195869544,1.5
2.4355959418831934,1.5
2.4360827016255096,1.5
2.436483944889716,1.5
2.4367643646394352,1.5
2.4363782821027167,1.5
2.436791941960713,1.5
2.4357461904709417,1.5
2.436212355324538,1.5
2.436691537814075,1.5
2.4369956120704668,1.5
2.4374755845235567,1.5
2.4372197711086514,1.5
2.4377111259924527,1.5
2.4364624547876863,1.5
2.436934625890069,1.5
2.437376668022822,1.5
2.437816381755367,1.5
2.437879102977359,1.5
2.4383672258629523,1.5
2.4386294319035904,1.5
2.438835899094419,1.5
2.4393039450378,1.5
2.4397757111690432,1.5
2.440251177163494,1.5
2.440683904154442,1.5
2.441172363953035,1.5
2.4413600258661385,1.5
2.4417582126201944,1.5
2.4421274796409187,1.5
2.442326546239919,1.5
2.441216927482148,1.5
2.440766514474049,1.5
2.441015264520665,1.5
2.441105560994501,1.5
2.441595397984276,1.5
2.442009930420742,1.5
2.442480208005887,1.5
2.442655554225292,1.5
2.443147121045421,1.5
2.4360398896770694,1.5
2.4365075431148946,1.5
2.4369923338042323,1.5
2.437464794661476,1.5
2.4378605234823856,1.5
2.4378731185217424,1.5
2.4381482082217576,1.5
2.438584748207437,1.5
2.4323498437719624,1.5
2.432799466594741,1.5
2.4332015177373454,1.5
2.433683916319905,1.5
2.4341431191833385,1.5
2.4346240117874856,1.5
2.4350630251226413,1.5
2.43554598012445,1.5
2.436021242198505,1.5
2.4364976328529333,1.5
2.4369796944546125,1.5
2.437459087988327,1.5
2.4379296452591506,1.5
2.438253513892636,1.5
2.4387060900676047,1.5
2.439181462179112,1.5
2.439654881297222,1.5
2.44012999340799,1.5
2.4406043327353,1.5
2.441069429028201,1.5
2.4415014340400125,1.5
2.441983946972695,1.5
2.4424370944348124,1.5
2.442900821575912,1.5
2.4433324897179567,1.5
2.4433332955492952,1.5
2.44375622295731,1.5
2.4442308689899086,1.5
2.444273994703799,1.5
2.444736555528551,1.5
2.4437823640284915,1.5
2.4442260196170325,1.5
2.444472396613972,1.5
2.4449352162954185,1.5
2.445380090632141,1.5
2.4457058547889567,1.5
2.444290208682663,1.5
2.4447618508612865,1.5
2.445086702793793,1.5
2.445534726076872,1.5
2.445811522133907,1.5
2.446288319438968,1.5
2.446686318985905,1.5
2.4471542309210896,1.5
2.447622350857663,1.5
2.448052269513702,1.5
2.4484989620658384,1.5
2.448814946668256,1.5
2.4491441404068186,1.5
2.4495906260361817,1.5
2.450056767486684,1.5
2.4505233279201817,1.5
2.4509365810828423,1.5
2.451364481575288,1.5
2.45175525739582,1.5
2.452205920473947,1.5
2.452620714174383,1.5
2.453072284642458,1.5
2.453397614935597,1.5
2.4538665628382854,1.5
2.454237678881648,1.5
2.454699757841498,1.5
2.4551696465071142,1.5
2.455642538062044,1.5
2.456015809536343,1.5
2.4558761357247096,1.5
2.4563045164479504,1.5
2.456777246127176,1.5
2.456887313234566,1.5
2.4571695563690152,1.5
2.457602907021572,1.5
2.457958064087188,1.5
2.458367894741956,1.5
2.4588123472500136,1.5
2.456771631492344,1.5
2.457131327914475,1.5
2.457596737251077,1.5
2.4580577568804367,1.5
2.4574865820645373,1.5
2.457848252306499,1.5
2.4582130574432908,1.5
2.458610121808004,1.5
2.458947524931431,1.5
2.459416167363262,1.5
2.4598833408541423,1.5
2.460350141893304,1.5
2.460721161145526,1.5
2.461149681654547,1.5
2.4616046933149747,1.5
2.461908099385693,1.5
2.4623694222373937,1.5
2.46280659167532,1.5
2.463194056810709,1.5
2.4632164062906265,1.5
2.463218113925659,1.5
2.463664090197576,1.5
2.464062634024528,1.5
2.464412094322752,1.5
2.4648019615305525,1.5
2.465016017949432,1.5
2.465473865796995,1.5
2.4659374087038537,1.5
2.466361106923202,1.5
2.4660204093049,1.5
2.4664733345453,1.5
2.466899546752635,1.5
2.46735866269792,1.5
2.467784421370716,1.5
2.4682482189131982,1.5
2.4686993376416666,1.5
2.469108248725066,1.5
2.4695725863840283,1.5
2.4698395618914915,1.5
2.470303528780096,1.5
2.470310092598764,1.5
2.47077142797362,1.5
2.471203983211955,1.5
2.471598959788019,1.5
2.4719959099405813,1.5
2.472440752742151,1.5
2.4727748385011914,1.5
2.473232866277796,1.5
2.473560089176932,1.5
2.474022020845102,1.5
2.4743114005224136,1.5
2.474723077030755,1.5
2.475038925262088,1.5
2.4754329925912657,1.5
2.475687719204256,1.5
2.4757260873720144,1.5
2.476067648116324,1.5
2.476503123190574,1.5
2.476957307793267,1.5
2.477407562153311,1.5
2.477523932978347,1.5
2.4779056805768174,1.5
2.4783646113638755,1.5
2.478798421499881,1.5
2.479255438054014,1.5
2.479705256949972,1.5
2.4801632131736104,1.5
2.4806164335305283,1.5
2.4809827048708675,1.5
2.481412429436168,1.5
2.4818696385869483,1.5
2.4820855443884384,1.5
2.4823420923848074,1.5
2.4827769584383224,1.5
2.483227223449928,1.5
2.4836514474081848,1.5
2.484100781349395,1.5
2.484556959685174,1.5
2.484954393391261,1.5
2.485019817068728,1.5
2.485467440609156,1.5
2.485788666292892,1.5
2.485363003703497,1.5
2.485723135399418,1.5
2.486174074899143,1.5
2.4866264515188914,1.5
2.487062519253624,1.5
2.4874644336633835,1.5
2.4877885438026617,1.5
2.4880427554123425,1.5
2.488491305171793,1.5
2.4887299732615844,1.5
2.4890508111230303,1.5
2.489503341991659,1.5
2.489948552486599,1.5
2.4903869872825943,1.5
2.490816225742297,1.5
2.4912686371591617,1.5
2.4916074175843987,1.5
2.486395150718138,1.5
2.486831006960498,1.5
2.487257137364557,1.5
2.48766854055656,1.5
2.488112932102561,1.5
2.488495195571295,1.5
2.488939095160566,1.5
2.489382373973028,1.5
2.4895357188554166,1.5
2.489973148276693,1.5
2.4887549984056103,1.5
2.489097552353849,1.5
2.489323776554982,1.5
2.4897633463790942,1.5
2.490178071247663,1.5
2.4905451459053074,1.5
2.4909257186819644,1.5
2.491243322855144,1.5
2.491225160358153,1.5
2.4916716733592903,1.5
2.4920266635245123,1.5
2.492376022846102,1.5
2.4926428557630533,1.5
2.4930797475264206,1.5
2.493406626709065,1.5
2.4938316671123872,1.5
2.4942749670243933,1.5
2.492823455025662,1.5
2.493269414078285,1.5
2.493710043142761,1.5
2.4941129372195063,1.5
2.4945284734134088,1.5
2.4949613254282417,1.5
2.495403487240314,1.5
2.4958450285680773,1.5
2.49610385255986,1.5
2.4965470516347943,1.5
2.495318879375497,1.5
2.495756061287706,1.5
2.4961454961932583,1.5
2.4965777094694106,1.5
2.4970147830894787,1.5
2.4974539776491564,1.5
2.497209581242234,1.5
2.4976472276112176,1.5
2.4980481583634,1.5
2.4984868942645715,1.5
2.498498114162824,1.5
2.498759583935492,1.5
2.499199841001388,1.5
2.4993172767808134,1.5
2.499745637716116,1.5
2.500057043557648,1.5
2.500495363998189,1.5
2.5006479288717074,1.5
2.501063215278483,1.5
2.5014911004369003,1.5
2.501843459525033,1.5
2.502279017230252,1.5
2.502650380728422,1.5
2.5030283432124496,1.5
2.503469564427561,1.5
2.5038961614256663,1.5
2.504322722508129,1.5
2.50462474916885,1.5
2.504944083626157,1.5
2.5053845699333803,1.5
2.5058032374840464,1.5
2.5062254843234606,1.5
2.506649163129735,1.5
2.5069162671070733,1.5
2.507355227473344,1.5
2.5077473843381464,1.5
2.5081826029649243,1.5
2.5073733803180667,1.5
2.5078098843625134,1.5
2.50824352476689,1.5
2.508652504651725,1.5
2.5090887616494806,1.5
2.5093730666530054,1.5
2.509810484478765,1.5
2.5102425657758034,1.5
2.510545105156424,1.5
2.510981830237519,1.5
2.5114160797738734,1.5
2.5118480982305784,1.5
2.5122751995666976,1.5
2.512709067538857,1.5
2.5131217605820217,1.5
2.5134918207522934,1.5
2.5139276604790832,1.5
2.514362298535874,1.5
2.514499109677003,1.5
2.511101857958781,1.5
2.511536590663332,1.5
2.5119452061536336,1.5
2.512349249127644,1.5
2.512609613103902,1.5
2.5130302241242104,1.5
2.513357432509048,1.5
2.513786833568976,1.5
2.5141761750400224,1.5
2.514609664944948,1.5
2.515039734244339,1.5
2.515438608285036,1.5
2.5158210514971984,1.5
2.516233428794227,1.5
2.51654227921459,1.5
2.516772431868428,1.5
2.5169777804941944,1.5
2.517406052157489,1.5
2.517173059962615,1.5
2.517417908855754,1.5
2.5178499335107687,1.5
2.5182807742488675,1.5
2.5185934140870434,1.5
2.5189529704319087,1.5
2.517954558700153,1.5
2.5183698808411386,1.5
2.518799803813945,1.5
2.5192064692060665,1.5
2.519092870466725,1.5
2.519520774809928,1.5
2.519944279746435,1.5
2.519609240247398,1.5
2.520028220576472,1.5
2.520457999966675,1.5
2.520765892265636,1.5
2.5208135829461096,1.5
2.5204701547219672,1.5
2.520899136164765,1.5
2.5212741292583933,1.5
2.521682263545469,1.5
2.522090812489288,1.5
2.5224985727257043,1.5
2.5228574366591894,1.5
2.523283868890248,1.5
2.523339457060477,1.5
2.5237658383518,1.5
2.524093624453387,1.5
2.524521306311041,1.5
2.524946674326868,1.5
2.5253738687014087,1.5
2.525798483827786,1.5
2.526214327609523,1.5
2.526622149610767,1.5
2.526995243874814,1.5
2.52622487801467,1.5
2.5257047150110483,1.5
2.524194437457174,1.5
2.524589499579983,1.5
2.5246078898112203,1.5
2.524617032079414,1.5
2.5250001490362206,1.5
2.5245071362286584,1.5
2.5248885543427035,1.5
2.525299940678567,1.5
2.525722199241522,1.5
2.5209495704664406,1.5
2.519518777678351,1.5
2.5199383853511947,1.5
2.520273093031665,1.5
2.520608375834576,1.5
2.5210227610552898,1.5
2.5214330405527083,1.5
2.521683429506531,1.5
2.522084200166739,1.5
2.522491286770545,1.5
2.5229113464838187,1.5
2.523219408384232,1.5
2.523637765358909,1.5
2.524049695735376,1.5
2.5243848865396195,1.5
2.5248016365143817,1.5
2.525208894314521,1.5
2.525124697438935,1.5
2.5251737261009928,1.5
2.5255719736817883,1.5
2.525970848898558,1.5
2.526361571148621,1.5
2.5267820778713683,1.5
2.5271651310771976,1.5
2.527562931807376,1.5
2.5279350198726367,1.5
2.528327030572063,1.5
2.5287140793804976,1.5
2.528440671035071,1.5
2.5288511276232275,1.5
2.5292091005484854,1.5
2.5293368862831667,1.5
2.5297490308181523,1.5
2.529828064652264,1.5
2.530230820289313,1.5
2.5306438334568004,1.5
2.531043283940145,1.5
2.5314050511976647,1.5
2.531769962472104,1.5
2.5321478566278084,1.5
2.5325449659050423,1.5
2.5329296547467712,1.5
2.532820633099464,1.5
2.5332375764764223,1.5
2.533553701867849,1.5
2.533969264539264,1.5
2.534378066049652,1.5
2.534788894569305,1.5
2.535205325258856,1.5
2.535185345014251,1.5
2.5355940759777447,1.5
2.535996957708417,1.5
2.5364077020540434,1.5
2.536821705318032,1.5
2.537227090024119,1.5
2.536968762467257,1.5
2.536961199240875,1.5
2.536832828621189,1.5
2.537245558714157,1.5
2.5374787300718182,1.5
2.5376362763865554,1.5
2.537974738087171,1.5
2.5380541149085167,1.5
2.538123234134176,1.5
2.538523019115623,1.5
2.5389240889817493,1.5
2.5391671671927942,1.5
2.5395798071507807,1.5
2.5399823125646512,1.5
2.5403880569228408,1.5
2.540782289973424,1.5
2.540774494407312,1.5
2.541060387500633,1.5
2.541469785078818,1.5
2.541784025620242,1.5
2.5421774977486526,1.5
2.5425324956097777,1.5
2.542868050914687,1.5
2.5432460743981244,1.5
2.54361296161558,1.5
2.5435772126439176,1.5
2.5439753216829843,1.5
2.544035159509862,1.5
2.544400372993373,1.5
2.5447855173931813,1.5
2.5451899418959467,1.5
2.5455830620627578,1.5
2.5441060914197435,1.5
2.544400892355057,1.5
2.5447920248018674,1.5
2.5451805581837057,1.5
2.5455719167458053,1.5
2.545978751795283,1.5
2.546246737875803,1.5
2.5466437745092296,1.5
2.546974275940874,1.5
2.547380138485817,1.5
2.5477877738181864,1.5
2.5481958454857554,1.5
2.5485801740481304,1.5
2.54898833287106,1.5
2.549372764498458,1.5
2.549757030207059,1.5
2.549897382537602,1.5
2.550303543594864,1.5
2.550525380275104,1.5
2.5509273476046905,1.5
2.551328818313838,1.5
2.551545246533356,1.5
2.5517503844824456,1.5
2.5521565311102075,1.5
2.552557433459005,1.5
2.5529327597427174,1.5
2.553111735968773,1.5
2.553490741821774,1.5
2.5538972171302268,1.5
2.5543021943667603,1.5
2.5539131795166874,1.5
2.5542195852710097,1.5
2.553630126186275,1.5
2.553252351132376,1.5
2.553558033163813,1.5
2.5535331356588853,1.5
2.552790589034217,1.5
2.553185590210973,1.5
2.5535825862144685,1.5
2.553902351684854,1.5
2.554213154061254,1.5
2.5545449280176515,1.5
2.554946703471827,1.5
2.555204935219749,1.5
2.555607876368561,1.5
2.5560058677771345,1.5
2.556404477064152,1.5
2.5568040583478555,1.5
2.55718579955204,1.5
2.5575822272667024,1.5
2.557119819324516,1.5
2.557499437448528,1.5
2.557873238513276,1.5
2.5582562376955043,1.5
2.5586532444263934,1.5
2.5590375628322093,1.5
2.559431374503,1.5
2.559684653049753,1.5
2.560081180693321,1.5
2.5604827484869617,1.5
2.559291683401455,1.5
2.55968894080373,1.5
2.5600804419138634,1.5
2.560478316575411,1.5
2.560841577060759,1.5
2.561242606379371,1.5
2.5616404008157287,1.5
2.5620315087490164,1.5
2.56241271370714,1.5
2.5628126867518417,1.5
2.563197830992916,1.5
2.5635873484106724,1.5
2.563982687957151,1.5
2.564348229493885,1.5
2.564727918739589,1.5
2.5651078435367944,1.5
2.565476075036369,1.5
2.5658393033718605,1.5
2.566231250096517,1.5
2.566562738432125,1.5
2.5669588421295058,1.5
2.567305093960302,1.5
2.567677104613828,1.5
2.567600585498921,1.5
2.5679928902450704,1.5
2.568236727247457,1.5
2.568623515618497,1.5
2.5689706455666323,1.5
2.569368040174757,1.5
2.569454767323573,1.5
2.5695685678329663,1.5
2.569956008672097,1.5
2.5703501754525706,1.5
2.570671400807881,1.5
2.5708314084531705,1.5
2.5711484222770618,1.5
2.571518567546553,1.5
2.571913932369247,1.5
2.572152193639061,1.5
2.5725482282334786,1.5
2.572927791111318,1.5
2.5733209745162244,1.5
2.573713592839034,1.5
2.5740963498753486,1.5
2.5744232821301605,1.5
2.574236933105062,1.5
2.5660458780582003,1.5
2.566437765380273,1.5
2.5668300590585007,1.5
2.5672155957912306,1.5
2.567578438884488,1.5
2.5678974109578485,1.5
2.568289323010141,1.5
2.5686567501403643,1.5
2.569046278639074,1.5
2.5691433335480163,1.5
2.569485175553804,1.5
2.5698778170712915,1.5
2.570257886705443,1.5
2.5705726001852875,1.5
2.5706823938659835,1.5
2.57105706313449,1.5
2.5714492375859224,1.5
2.571837578858543,1.5
2.572201763866427,1.5
2.5725571896200594,1.5
2.572941576100366,1.5
2.57333176624324,1.5
2.573358486223436,1.5
2.573749208452184,1.5
2.573803724262803,1.5
2.574191544331936,1.5
2.574536595043467,1.5
2.5744102994430267,1.5
2.574623200620041,1.5
2.574561822094604,1.5
2.5728540219812834,1.5
2.5732129715383456,1.5
2.573594847252227,1.5
2.573954306979896,1.5
2.5743216735076704,1.5
2.574430394147981,1.5
2.5747913314214514,1.5
2.5750999326111064,1.5
2.575410989765773,1.5
2.5755959388040948,1.5
2.5755197476924057,1.5
2.575829450630243,1.5
2.5762166528688053,1.5
2.576598946017647,1.5
2.576893706496065,1.5
2.5772819456205323,1.5
2.577492042108579,1.5
2.577874574617708,1.5
2.578261406447904,1.5
2.578630173434339,1.5
2.5789033653970943,1.5
2.579249449659604,1.5
2.579534855212936,1.5
2.579602286872946,1.5
2.5798909983637084,1.5
2.580272983621329,1.5
2.580659228892356,1.5
2.580994857551385,1.5
2.5813812520982755,1.5
2.581760111188222,1.5
2.5820976184016704,1.5
2.582413775715786,1.5
2.582790401871052,1.5
2.5831748806465966,1.5
2.583520954471031,1.5
2.583904579316854,1.5
2.584172530951268,1.5
2.5845338694007727,1.5
2.584883195458848,1.5
2.5852557744883167,1.5
2.585628438348234,1.5
2.5858928155983145,1.5
2.586265831141717,1.5
2.5866295218412496,1.5
2.586994050249693,1.5
2.5873595118181343,1.5
2.5877379474430726,1.5
2.5876987352362923,1.5
2.5880581199810795,1.5
2.588247791718917,1.5
2.588628666406,1.5
2.588998120517451,1.5
2.589371559054417,1.5
2.589671274890596,1.5
2.590049676127268,1.5
2.59041985768376,1.5
2.590794682631333,1.5
2.5911776415543355,1.5
2.5915496310199018,1.5
2.591924164460241,1.5
2.5922415904789404,1.5
2.592193021318559,1.5
2.5908988918205447,1.5
2.5912753930038512,1.5
2.5877616106947,1.5
2.588115671570025,1.5
2.588476682228236,1.5
2.588848391991211,1.5
2.5892296537141872,1.5
2.589581548814603,1.5
2.5895801014371447,1.5
2.58959746491998,1.5
2.5897262691579,1.5
2.5900812831445506,1.5
2.5904250848631847,1.5
2.590758102617536,1.5
2.5905114354144416,1.5
2.5908886048193778,1.5
2.5912674301370253,1.5
2.591616992944805,1.5
2.591936102375407,1.5
2.5922993920741884,1.5
2.592675253298078,1.5
2.5930541957724533,1.5
2.593431890265478,1.5
2.5937967102011443,1.5
2.594161378699528,1.5
2.5943421337207737,1.5
2.594705460872705,1.5
2.595082328369436,1.5
2.595379450250751,1.5
2.5957539886760106,1.5
2.596128583943813,1.5
2.5964945550723217,1.5
2.596834664441974,1.5
2.597211225026452,1.5
2.597582976978058,1.5
2.5979364773770963,1.5
2.5982992051706364,1.5
2.598676553758461,1.5
2.59820772594058,1.5
2.598550281006755,1.5
2.598861508596764,1.5
2.599231932672428,1.5
2.599521153412408,1.5
2.5998957900293016,1.5
2.600261126376104,1.5
2.60063373556057,1.5
2.6010054741214965,1.5
2.601380256239073,1.5
2.6017175387132947,1.5
2.6012885348267765,1.5
2.601651224105729,1.5
2.602026335800718,1.5
2.6023836379350898,1.5
2.602747901355344,1.5
2.60311686882304,1.5
2.6034907299460293,1.5
2.6038717918132748,1.5
2.6041397414602576,1.5
2.6045139388423304,1.5
2.604884375808386,1.5
2.6052507841236814,1.5
2.605335286843017,1.5
2.605688344717305,1.5
2.606058503610606,1.5
2.6064144550583674,1.5
2.6067332887651,1.5
2.6070993443694594,1.5
2.6074066080583007,1.5
2.607766750639302,1.5
2.608135131839873,1.5
2.608507570206766,1.5
2.608880653048575,1.5
2.609228486207918,1.5
2.6095921412336507,1.5
2.609843227365898,1.5
2.610214036806106,1.5
2.6105767217712024,1.5
2.610930703669631,1.5
2.6112718091227265,1.5
2.6116434235869868,1.5
2.6119876715414447,1.5
2.6123588947269747,1.5
2.612718176740813,1.5
2.613088572478052,1.5
2.613459140898579,1.5
2.6138203819733508,1.5
2.614110961080386,1.5
2.6144791682517647,1.5
2.613593850917987,1.5
2.613959372494392,1.5
2.6143297994224186,1.5
2.614508113359405,1.5
2.614872781068839,1.5
2.6152391931261296,1.5
2.615578664249792,1.5
2.615946322742514,1.5
2.6163157555591976,1.5
2.6166758972804507,1.5
2.6170309683869566,1.5
2.6173901786995413,1.5
2.617737326404792,1.5
2.61797821478478,1.5
2.618347709137364,1.5
2.6186042087921613,1.5
2.618973803123031,1.5
2.6193330527524976,1.5
2.61969185024576,1.5
2.619895786203936,1.5
2.620258141317441,1.5
2.6204052250455887,1.5
2.620763721406981,1.5
2.621117372866945,1.5
2.621351662597155,1.5
2.621664744495196,1.5
2.621512268097223,1.5
2.621715285528811,1.5
2.622082794804242,1.5
2.6221256708441647,1.5
2.6224932203589235,1.5
2.622838936107457,1.5
2.6228888068287435,1.5
2.623256606206448,1.5
2.6236219406520083,1.5
2.6239893066229376,1.5
2.624297478192586,1.5
2.6246643504744,1.5
2.6250027876642057,1.5
2.625298434782972,1.5
2.6256596232353147,1.5
2.6260240308077187,1.5
2.625089226321004,1.5
2.625454102666773,1.5
2.6257325393605946,1.5
2.62609238816537,1.5
2.626395972244149,1.5
2.6267614920556883,1.5
2.627122743298948,1.5
2.6273816665659524,1.5
2.6277319098030176,1.5
2.628093632322022,1.5
2.6278784520748046,1.5
2.62808160312944,1.5
2.6284420532357107,1.5
2.628767375202352,1.5
2.628849951409727,1.5
2.6292132509731627,1.5
2.6295768373907062,1.5
2.629935397427902,1.5
2.6302945325969445,1.5
2.6306550025786724,1.5
2.6308888339564818,1.5
2.631224723843669,1.5
2.6315857402304847,1.5
2.631291691134205,1.5
2.631634566188841,1.5
2.631657998392247,1.5
2.63201990287281,1.5
2.6323824591940124,1.5
2.6324884821025187,1.5
2.6315448113488733,1.5
2.631866260757932,1.5
2.6305741009468555,1.5
2.6309362372942737,1.5
2.6312981107508144,1.5
2.631628836500355,1.5
2.6319875684739973,1.5
2.631982396077309,1.5
2.632334679651073,1.5
2.6326965235684066,1.5
2.633000812553888,1.5
2.633351797317832,1.5
2.633699657049266,1.5
2.6340502452793912,1.5
2.634405675742668,1.5
2.634758900527703,1.5
2.6350258768165866,1.5
2.635377775104224,1.5
2.635728081339623,1.5
2.636067974416067,1.5
2.6344282503671352,1.5
2.6346915117274614,1.5
2.634532768227209,1.5
2.634879715961891,1.5
2.635226085847701,1.5
2.635584297004511,1.5
2.6359437610397887,1.5
2.636301986676391,1.5
2.6363789727474027,1.5
2.636667983331152,1.5
2.6370147546812905,1.5
2.637331697981381,1.5
2.6376754472384625,1.5
2.63793648066856,1.5
2.638283683094705,1.5
2.6386261690599606,1.5
2.638970840134278,1.5
2.639320219487788,1.5
2.639676179403404,1.5
2.6398856100015977,1.5
2.640238755832538,1.5
2.640587116544581,1.5
2.6408658377527474,1.5
2.641197227503021,1.5
2.641550886467362,1.5
2.641909282917962,1.5
2.642265927016406,1.5
2.642596020330688,1.5
2.642948317222402,1.5
2.643303592259524,1.5
2.6436607694955376,1.5
2.644017019431098,1.5
2.6443707704741177,1.5
2.6447244487382258,1.5
2.645081212314725,1.5
2.6454357049803705,1.5
2.645790208239884,1.5
2.6461251431183106,1.5
2.64647432330487,1.5
2.6468299392638364,1.5
2.6471706654945013,1.5
2.647517679421928,1.5
2.6478378222062258,1.5
2.6479779409427744,1.5
2.648323793982344,1.5
2.648677820162406,1.5
2.648918042788215,1.5
2.649164965482199,1.5
2.649519001730728,1.5
2.6498529052439816,1.5
2.6497537036889347,1.5
2.650105469479738,1.5
2.650447354249064,1.5
2.650547959879308,1.5
2.650899574179858,1.5
2.651253550250632,1.5
2.6516042659775128,1.5
2.651954993081977,1.5
2.652307257831009,1.5
2.6526202360496347,1.5
2.652969562550106,1.5
2.652356082436971,1.5
2.652702429193892,1.5
2.653052057303249,1.5
2.6534066992777623,1.5
2.6537582020214594,1.5
2.654109050092739,1.5
2.6544561655060885,1.5
2.6548095550951984,1.5
2.6551598417731346,1.5
2.6555118682296,1.5
2.655764531294904,1.5
2.6560991947612407,1.5
2.656448343337877,1.5
2.6567932494737008,1.5
2.6570417438391094,1.5
2.6573945715678944,1.5
2.657735556828111,1.5
2.6580192755117245,1.5
2.658361994202405,1.5
2.65870571488586,1.5
2.6590476676425947,1.5
2.6594004873244863,1.5
2.6597353822719434,1.5
2.660086934146631,1.5
2.660432805543854,1.5
2.660761343460454,1.5
2.6611113715755645,1.5
2.661463392675989,1.5
2.6618053254166063,1.5
2.662060979096857,1.5
2.662380051213957,1.5
2.662731563343308,1.5
2.6630616585151503,1.5
2.663411687500103,1.5
2.6637533823294706,1.5
2.6641011431289665,1.5
2.6644505393564164,1.5
2.664534635335253,1.5
2.664882502642661,1.5
2.665120963487019,1.5
2.66546387740012,1.5
2.665814327139536,1.5
2.666162601136426,1.5
2.66650486161912,1.5
2.6668526962922026,1.5
2.667190247462361,1.5
2.667493258762634,1.5
2.6674561280724767,1.5
2.66773304864284,1.5
2.66808184232807,1.5
2.6684245507225555,1.5
2.6687223959407054,1.5
2.669065258450222,1.5
2.669378782161473,1.5
2.669728020174776,1.5
2.670073298973106,1.5
2.6704035747129087,1.5
2.6704860693873904,1.5
2.6707900540858933,1.5
2.6711272642327057,1.5
2.6714573289028563,1.5
2.671806104916705,1.5
2.6721533387188376,1.5
2.6724949504582574,1.5
2.6728427505717347,1.5
2.6731847538925977,1.5
2.673527595360925,1.5
2.673875661309649,1.5
2.674220713249203,1.5
2.67455168290388,1.5
2.674785389359881,1.5
2.675073422244178,1.5
2.675418216599603,1.5
2.675763030793512,1.5
2.6756315173092315,1.5
2.6758451363675824,1.5
2.676043025891468,1.5
2.6763858570268733,1.5
2.6767149598332285,1.5
2.67690514439986,1.5
2.677252192117836,1.5
2.6775536166422804,1.5
2.67789004160702,1.5
2.678195118591181,1.5
2.6770845423779326,1.5
2.67742909815596,1.5
2.6777323876697023,1.5
2.678071144929681,1.5
2.6783788343473045,1.5
2.6786862942617065,1.5
2.678993098016174,1.5
2.679303771051313,1.5
2.6795374343131613,1.5
2.679421839588416,1.5
2.6797653803540595,1.5
2.679864846079061,1.5
2.680202162597015,1.5
2.68007071103115,1.5
2.6804677130895764,1.5
2.6808116719014667,1.5
2.6810892950745586,1.5
2.681346969827546,1.5
2.681672287851038,1.5
2.681946269185531,1.5
2.682284842671949,1.5
2.682629175748608,1.5
2.682869723027188,1.5
2.683201057927916,1.5
2.683506216051947,1.5
2.683846604901192,1.5
2.683732252537723,1.5
2.684072700148607,1.5
2.68441234867862,1.5
2.6847560617341344,1.5
2.6850654405782497,1.5
2.6854073359060404,1.5
2.685749743533872,1.5
2.686092554923575,1.5
2.686423092295467,1.5
2.6867628688213303,1.5
2.6870997541201094,1.5
2.6874338883727065,1.5
2.687627809024689,1.5
2.6879711665144344,1.5
2.688314098972911,1.5
2.688616440790955,1.5
2.6888738808730923,1.5
2.689130344023912,1.5
2.689275796182663,1.5
2.689613519104315,1.5
2.68995337223381,1.5
2.690289359451164,1.5
2.690620554620484,1.5
2.6909561782378795,1.5
2.691294562614652,1.5
2.691622986374447,1.5
2.691957572689318,1.5
2.6920038784059024,1.5
2.6920075672172272,1.5
2.692343956134303,1.5
2.692662625809785,1.5
2.692967943689144,1.5
2.693308276195486,1.5
2.6936331364086508,1.5
2.6933757501945226,1.5
2.693690470169372,1.5
2.6933820033272164,1.5
2.693711350525046,1.5
2.6939828118253386,1.5
2.6943134313417865,1.5
2.694626721080843,1.5
2.694965707014026,1.5
2.695202401232343,1.5
2.6954893304013523,1.5
2.695829699280804,1.5
2.696157168629859,1.5
2.696479367565673,1.5
2.6968180192279028,1.5
2.697039922863578,1.5
2.697377201263768,1.5
2.6977133719124686,1.5
2.697961383606112,1.5
2.6982952240733327,1.5
2.698633603901105,1.5
2.698897944253664,1.5
2.6992263837407293,1.5
2.6995616230051542,1.5
2.69986505645232,1.5
2.70013741977111,1.5
2.7004534828118856,1.5
2.700783136730753,1.5
2.701008005640516,1.5
2.701341588698817,1.5
2.701679249579388,1.5
2.7020032905284093,1.5
2.702333381970209,1.5
2.702666630738913,1.5
2.703003596176825,1.5
2.7032157188059687,1.5
2.703552533185949,1.5
2.703864502084599,1.5
2.704198520317908,1.5
2.7045329536654084,1.5
2.704800877422944,1.5
2.7049764347577936,1.5
2.7053041553088466,1.5
2.7055247819039745,1.5
2.705811831002169,1.5
2.7061472134252784,1.5
2.706469875819608,1.5
2.70679612769009,1.5
2.7071016519752047,1.5
2.7074351054647527,1.5
2.7077529562999647,1.5
2.707924380565096,1.5
2.707971435379331,1.5
2.70830707300459,1.5
2.7086214074417234,1.5
2.7089145809986377,1.5
2.709157244302601,1.5
2.707841056406554,1.5
2.7081694256315765,1.5
2.708501792559699,1.5
2.708833790536944,1.5
2.709169214218884,1.5
2.709500986706943,1.5
2.7098342437022875,1.5
2.710149418761836,1.5
2.710479304832939,1.5
2.710753368344613,1.5
2.709539563071273,1.5
2.70987236774714,1.5
2.7101876297583973,1.5
2.710438937480502,1.5
2.7107230859689224,1.5
2.711054272652149,1.5
2.711374397172015,1.5
2.7116875704226056,1.5
2.712021500215565,1.5
2.7123424502217377,1.5
2.712670979658668,1.5
2.712953213162544,1.5
2.7132865011869938,1.5
2.713619209820332,1.5
2.713933147011206,1.5
2.7142671717310844,1.5
2.714588271225493,1.5
2.7149208239399543,1.5
2.715234545727581,1.5
2.7155333080717443,1.5
2.715862358244511,1.5
2.716182696466134,1.5
2.716515490258816,1.5
2.71684618954173,1.5
2.71715481815112,1.5
2.7174862948262293,1.5
2.717760601514724,1.5
2.717928770908115,1.5
2.7182155046884247,1.5
2.718530756221855,1.5
2.7188253596955936,1.5
2.719156390461445,1.5
2.7194238129068,1.5
2.7197555860126643,1.5
2.7200284227500457,1.5
2.7203533209366086,1.5
2.7206851304621447,1.5
2.7210126435897344,1.5
2.721022399784039,1.5
2.721337847946753,1.5
2.721642046939602,1.5
2.7219628951293093,1.5
2.722283257752537,1.5
2.720898913742148,1.5
2.7210256011399365,1.5
2.7213422145077457,1.5
2.7215638835039893,1.5
2.7218945653849698,1.5
2.722215319626512,1.5
2.7225089770873807,1.5
2.7228349438444552,1.5
2.723164880074676,1.5
2.723494147032116,1.5
2.723821944754786,1.5
2.724148742625015,1.5
2.7244787849314465,1.5
2.7248001696166164,1.5
2.725122072107341,1.5
2.7253064943552188,1.5
2.725608514428586,1.5
2.725930927080217,1.5
2.726247640904898,1.5
2.7265714915890746,1.5
